languages_game,languages_CN,languages_TC,languages_EN
游戏内语言,简体中文,繁体中文,英文
索引所需要的key,翻译后的简体,翻译后的繁体,翻译后的英文
商城,商城,商城,Store
兑换失败,兑换失败,兌換失敗,Redemption failed
兑换码已经被使用,兑换码已经被使用,兌換碼已經被使用,Redeem code has been used
兑换码已过有效时间,兑换码已过有效时间,兌換碼已過有效時間,Redeem code has expired
未到兑换码有效时间,未到兑换码有效时间,未到兌換碼有效時間,Redeem code is not in effect now
请先输入兑换码,请先输入兑换码,請先輸入兌換碼,Please enter redeem code
<color=#00effe>{0}</color>加入公会,<color=#00effe>{0}</color>加入公会,<color=#00effe>{0}</color>加入公會,<color=#00effe>{0}</color> joined guild
<color=#00effe>{0}</color>退出公会,<color=#00effe>{0}</color>退出公会,<color=#00effe>{0}</color>退出公會,<color=#00effe>{0}</color> left guild
<color=#00effe>{0}</color>帮助了我,<color=#00effe>{0}</color>帮助了我,<color=#00effe>{0}</color>幫助了我,<color=#00effe>{0}</color> helped you
<color=#00effe>{0}</color>帮助了<color=#00effe>{1}</color>,<color=#00effe>{0}</color>帮助了<color=#00effe>{1}</color>,<color=#00effe>{0}</color>幫助了<color=#00effe>{1}</color>,<color=#00effe>{0}</color> helped <color=#00effe>{1}</color>
<color=#00effe>{0}</color>投资了<color=#8bf865>{1}</color>{2}新币,<color=#00effe>{0}</color>投资了<color=#8bf865>{1}</color>{2}新币,<color=#00effe>{0}</color>投資了<color=#8bf865>{1}</color>{2}新幣,<color=#00effe>{0}</color> invested {2} New Dollars in <color=#8bf865>{1}</color>
<color=#00effe>{0}</color>向黑市商人售出{1}装备获得{2}新币,<color=#00effe>{0}</color>向黑市商人售出{1}装备获得{2}新币,<color=#00effe>{0}</color>向黑市商人售出{1}裝備獲得{2}新幣,<color=#00effe>{0}</color> sell {1} items to mysterious merchant for {2} New Dollars
<color=#00effe>{0}</color>精通了<color=#8bf865>{1}</color>图纸,<color=#00effe>{0}</color>精通了<color=#8bf865>{1}</color>图纸,<color=#00effe>{0}</color>精通了<color=#8bf865>{1}</color>圖紙,<color=#00effe>{0}</color> mastered <color=#8bf865>{1}</color> blueprint
加载文件,加载文件,加載文件,Loading...
加载文件中，请耐心等待！,加载文件中，请耐心等待！,加載文件中，請耐心等待！,Loading...please wait
服务器正在维护中，请耐心等待最新通知！,服务器正在维护中，请耐心等待最新通知！,服務器正在維護中，請耐心等待最新通知！,The server is under maintenance.
充值尚未开启，敬请期待！,充值尚未开启，敬请期待！,充值尚未開啟，敬請期待！,Recharge has not been opened.
<color={StaticConstants.qualityColor{equip.quality - 1}}>{StaticConstants.qualityNames{equip.quality - 1}}品质</color>,<color={StaticConstants.qualityColor{equip.quality - 1}}>{StaticConstants.qualityNames{equip.quality - 1}}品质</color>,<color={StaticConstants.qualityColor{equip.quality - 1}}>{StaticConstants.qualityNames{equip.quality - 1}}品質</color>,<color={StaticConstants.qualityColor{equip.quality - 1}}>{StaticConstants.qualityNames{equip.quality - 1}} Quality </color>
{0}向黑市商人售出{1}装备获得{2}新币,{0}向黑市商人售出{1}装备获得{2}新币,{0}向黑市商人售出{1}裝備獲得{2}新幣,{0} sell {1} items to mysterious merchant for {2} New Dollars
{0}精通了{1}图纸,{0}精通了{1}图纸,{0}精通了{1}圖紙,{0} mastered {1} blueprint
升级至 ,升级至 ,升級至 ,upgraded to 
内容更新完毕，请重新启动游戏！,内容更新完毕，请重新启动游戏！,內容更新完畢，請重新啟動遊戲！,Update finished， please restart the game!
{json字符串},{json字符串},{json字符串},
是否退出游戏?,是否退出游戏?,是否退出遊戲?,Do you want to quit game?
服务器处于维护中，请重启游戏查看最新公告！,服务器处于维护中，请重启游戏查看最新公告！,服務器處於維護中，請重啟遊戲查看最新公告！,The server is under maintenance， restart to check notice!
<size=30>联盟技术</size>,<size=30>联盟技术</size>,<size=30>聯盟技術</size>,<size=30> Guild Tech </size>
招募,招募,招募,Recruit
双倍,双倍,雙倍,Double
容量,容量,容量,Capacity
<size=46>优惠</size>,<size=46>优惠</size>,<size=46>優惠</size>,<size=46> Discounts </size>
50%!,50%!,50%!,50%!
领袖之路成长计划，<color=#61c2ff><size=42>20</size>倍</color>返利只要<color=#ec6eff><size=42>4.99</size>美元</color>，就返价值<color=#ffea3c><size=42>6000</size>金块奖励！</color>,领袖之路成长计划，<color=#61c2ff><size=42>20</size>倍</color>返利只要<color=#ec6eff><size=42>4.99</size>美元</color>，就返价值<color=#ffea3c><size=42>6000</size>金块奖励！</color>,領袖之路成長計劃，<color=#61c2ff><size=42>20</size>倍</color>返利只要<color=#ec6eff><size=42>4.99</size>美元</color>，就返價值<color=#ffea3c><size=42>6000</size>金塊獎勵！</color>,Leader's Growth Fund， <color=#61c2ff><size=42>20</size> times</color> return is only <color=#ec6eff><size=42>4.99</size>USD</color> ， you will be rewarded with <color=#ffea3c><size=42>6000</size>! </color>  gold bars.
您与服务器的连接已丢失。请重新连接,您与服务器的连接已丢失。请重新连接,您與服務器的連接已丟失。請重新連接,You've lost connection to the server. Please reconnect to continue the game. Error (4006)
以继续游戏。（错误4006）,以继续游戏。（错误4006）,以繼續遊戲。（錯誤4006）,
输入兑换码,输入兑换码,輸入兌換碼,Enter redeem code
欢迎回来!,欢迎回来!,歡迎回來!,Welcome back!
嗨！店长！这是您离开期间错过的内容！,嗨！店长！这是您离开期间错过的内容！,嗨！店長！這是您離開期間錯過的內容！,Hi， Shopkeeper! Here's what you missed while offline!
黑市商店,黑市商店,黑市商店,Black Market
超值,超值,超值,Super Value
2,2,2,2
已售罄,已售罄,已售罄,Sold out
确认重置,确认重置,確認重置,Confirm to reset
重置成功!,重置成功!,重置成功!,Reset successfully!
首次翻倍,首次翻倍,首次翻倍,1st Double
英雄之路,英雄之路,英雄之路,Hero Road
解锁大亨之路超额奖励，收益1200%,解锁大亨之路超额奖励，收益1200%,解鎖大亨之路超額獎勵，收益1200%,Unlock extra rewards of Tycoon Road to gain 1200% bonus!
1、每个任务都可以领取一份额外高收益奖励。,1、每个任务都可以领取一份额外高收益奖励。,1、每個任務都可以領取一份額外高收益獎勵。,1. To claim an additional reward for each task.
2、每天领取完所有奖励后，可以额外再领取一份特殊超稀有奖励！,2、每天领取完所有奖励后，可以额外再领取一份特殊超稀有奖励！,2、每天領取完所有獎勵後，可以額外再領取一份特殊超稀有獎勵！,2. To obtain an extra special reward after receiving all the normal rewards every day!
3，  解除大亨通行证层数限制层数限制,3，  解除大亨通行证层数限制层数限制,3，  解除大亨通行證層數限製層數限製,
边境之王,边境之王,邊境之王,The king of the border
距商店关闭还有,距商店关闭还有,距商店關閉還有,Close in: 
5天12时,5天12时,5天12時,5d 12h
《用户协议》,《用户协议》,《用戶協議》,<Service Terms>
《隐私政策》,《隐私政策》,《隱私政策》,<Privacy Policy>
激活新图纸！,激活新图纸！,激活新圖紙！,Activate new blueprint!
护甲提升20%，在队友都死亡的情况下，自身护甲额外提升200%,护甲提升20%，在队友都死亡的情况下，自身护甲额外提升200%,護甲提升20%，在隊友都死亡的情況下，自身護甲額外提升200%,Increased armor by 20%， and if all teammates are dead， the armor is increased by an additional 200%
转职礼盒,转职礼盒,轉職禮盒,Advancement Box
<size=32>价格</size>,<size=32>价格</size>,<size=32>價格</size>,<size=32> Price </size>
<size=32>优惠</size>,<size=32>优惠</size>,<size=32>優惠</size>,<size=32> Discounts </size>
联盟勋章，可以用来升级联盟科技，开启联盟技能,联盟勋章，可以用来升级联盟科技，开启联盟技能,聯盟勛章，可以用來升級聯盟科技，開啟聯盟技能,Guild Medals， which can be used to upgrade guild tech and unlock guild skills
6阶麻醉手表,6阶麻醉手表,6階麻醉手表,Tier 6 Anesthesia Watch
4阶战术望远镜,4阶战术望远镜,4階戰術望遠鏡,Tier 4 Tactical Telescope
击杀街道废墟简单BOSS,击杀街道废墟简单BOSS,擊殺街道廢墟簡單BOSS,Kill BOSS on easy difficulty of Street Ruins
超值\n150%,超值\n150%,超值\n150%,Bonus\n150%
<color=#e95aff>稀有</color>,<color=#e95aff>稀有</color>,<color=#e95aff>稀有</color>,<color=#e95aff> Rare </color>
<Color=#ff911c>超稀有</Color>,<Color=#ff911c>超稀有</Color>,<Color=#ff911c>超稀有</Color>,<color=#e95aff> Super Rare </color>
超值\n200%,超值\n200%,超值\n200%,Bonus\n200%
制作简易弓达到X9可解锁,制作简易弓达到X9可解锁,製作簡易弓達到X9可解鎖,Craft 9 Simple Bow
制作左轮手枪达到X8可解锁,制作左轮手枪达到X8可解锁,製作左輪手槍達到X8可解鎖,Craft 8 Revolver
制作铁桶头盔达到X7可解锁,制作铁桶头盔达到X7可解锁,製作鐵桶頭盔達到X7可解鎖,Craft 7 Iron Helmet
制作棒球帽达到X8可解锁,制作棒球帽达到X8可解锁,製作棒球帽達到X8可解鎖,Craft 8 Baseball Cap
制作防爆腿甲达到X7可解锁,制作防爆腿甲达到X7可解锁,製作防爆腿甲達到X7可解鎖,Craft 7 Blast Legguards
制作马蜂窝达到X8可解锁,制作马蜂窝达到X8可解锁,製作馬蜂窩達到X8可解鎖,Craft 8 Hornet's Nest
哇哦！有新的福利送到啦！每天别忘记在这里可以<Color=#3aff5c>签到</Color>领取你的每日奖励哦！,哇哦！有新的福利送到啦！每天别忘记在这里可以<Color=#3aff5c>签到</Color>领取你的每日奖励哦！,哇哦！有新的福利送到啦！每天別忘記在這裏可以<Color=#3aff5c>簽到</Color>領取你的每日獎勵哦！,Wow! New benefits! Don't forget to <Color=#3aff5c>check-in</Color> here every day for daily rewards!
点击<Color=#3aff5c>福利</Color>按钮。,点击<Color=#3aff5c>福利</Color>按钮。,點擊<Color=#3aff5c>福利</Color>按鈕。,Click <Color=#3aff5c>Benefit</Color> button.
这里可以领取到各种<Color=#3aff5c>稀有道具</Color>，累计签到次数越多奖励越高哦！,这里可以领取到各种<Color=#3aff5c>稀有道具</Color>，累计签到次数越多奖励越高哦！,這裏可以領取到各種<Color=#3aff5c>稀有道具</Color>，累計簽到次數越多獎勵越高哦！,Here you can claim kinds of <Color=#3aff5c>rare items</Color>， the more you check-in， the better the reward!
很好，看起来您学会了如何经营这家商店，可以开始您的<Color=#3aff5c>大亨之路</Color>了。|接下来我们就去看看怎样成为一名世界<Color=#3aff5c>大亨</Color>！,很好，看起来您学会了如何经营这家商店，可以开始您的<Color=#3aff5c>大亨之路</Color>了。|接下来我们就去看看怎样成为一名世界<Color=#3aff5c>大亨</Color>！,很好，看起來您學會了如何經營這家商店，可以開始您的<Color=#3aff5c>大亨之路</Color>了。|接下來我們就去看看怎樣成為一名世界<Color=#3aff5c>大亨</Color>！,Great， it looks like you've learned how to run the shop and just start your <Color=#3aff5c>tycoon road</Color>. |Next， let's see how to become a world-class <Color=#3aff5c>tycoon</Color>!
使用副本道具，副本道具数量不足,使用副本道具，副本道具数量不足,使用副本道具，副本道具數量不足,Use props. The prop is not enough.
您的战斗辅助道具数量不足，可以通过以下方式获得副本辅助道具！,您的战斗辅助道具数量不足，可以通过以下方式获得副本辅助道具！,您的戰鬥輔助道具數量不足，可以通過以下方式獲得副本輔助道具！,Your combat AIDS is not enough. You can collect it in the following ways!
使用金条，数量不足时弹出的提示,使用金条，数量不足时弹出的提示,使用金條，數量不足時彈出的提示,Use gold bars. The pop-up prompts when there are not enough gold bars.
当前金条不足！这里可以快捷补充金条哦！,当前金条不足！这里可以快捷补充金条哦！,當前金條不足！這裏可以快捷補充金條哦！,Your gold bars are not enough. Here you can replenish it quickly!
前往【宝箱】获得图纸碎片！,前往【宝箱】获得图纸碎片！,前往【寶箱】獲得圖紙碎片！,Obtain Mystic Shards from Chest!
前往【黑市商店】获得图纸碎片！,前往【黑市商店】获得图纸碎片！,前往【黑市商店】獲得圖紙碎片！,Obtain Mystic Shards from Black Market!
前往黑市,前往黑市,前往黑市,Go to Black Market
前往【幸运转盘】获得图纸碎片！,前往【幸运转盘】获得图纸碎片！,前往【幸運轉盤】獲得圖紙碎片！,Obtain Mystic Shards from Lucky Wheel!
开启【英雄补给】获得转职材料！,开启【英雄补给】获得转职材料！,開啟【英雄補給】獲得轉職材料！,Obtain Advancement Items from Hero Supply!
前往商店,前往商店,前往商店,Go to Shop
前往【黑市商店】获得转职材料！,前往【黑市商店】获得转职材料！,前往【黑市商店】獲得轉職材料！,Obtain Advancement Items from Black Market!
满足每日【艾莉的收购】获得转职材料！,满足每日【艾莉的收购】获得转职材料！,滿足每日【艾莉的收購】獲得轉職材料！,Obtain Advancement Items by fulfilling Eily's purchase!
前往【幸运转盘】获得战斗道具！,前往【幸运转盘】获得战斗道具！,前往【幸運轉盤】獲得戰鬥道具！,Obtain Combat Props from Lucky Wheel!
前往【宝箱】获得战斗道具！,前往【宝箱】获得战斗道具！,前往【寶箱】獲得戰鬥道具！,Obtain Combat Props from Chest!
前往【黑市商店】获得战斗道具！,前往【黑市商店】获得战斗道具！,前往【黑市商店】獲得戰鬥道具！,Obtain Combat Props from Black Market!
使用后可获得1个SR射手（需要1个空英雄栏）,使用后可获得1个SR射手（需要1个空英雄栏）,使用後可獲得1個SR射手（需要1個空英雄欄）,Use it to get an SR Hunter（Require one hero slot)
初级礼盒,初级礼盒,初級禮盒,Primary Box
随机获得常见道具,随机获得常见道具,隨機獲得常見道具,Randomly obtain primary items
中级礼盒,中级礼盒,中級禮盒,Middle Box
随机获得中级道具,随机获得中级道具,隨機獲得中級道具,Randomly obtain middle items
高级礼盒,高级礼盒,高級禮盒,Senior Box
随机获得高级道具,随机获得高级道具,隨機獲得高級道具,Randomly obtain senior items
转职宝箱,转职宝箱,轉職寶箱,Advancement Box
可以获得「碎木地板」--装修店铺所用的地板样式,可以获得「碎木地板」--装修店铺所用的地板样式,可以獲得「碎木地板」--裝修店鋪所用的地板樣式,Contains「Chipped Wood Floor」--Shop Floor
可以获得「白桦木地板」--装修店铺所用的地板样式,可以获得「白桦木地板」--装修店铺所用的地板样式,可以獲得「白樺木地板」--裝修店鋪所用的地板樣式,Contains「Birch Wood floor」--Shop Floor
可以获得「残破的地砖」--装修店铺所用的地板样式,可以获得「残破的地砖」--装修店铺所用的地板样式,可以獲得「殘破的地磚」--裝修店鋪所用的地板樣式,Contains「Broken Floor Tiles」--Shop Floor
可以获得「维纳斯地板」--装修店铺所用的地板样式,可以获得「维纳斯地板」--装修店铺所用的地板样式,可以獲得「維納斯地板」--裝修店鋪所用的地板樣式,Contains「Venus Floor」--Shop Floor
可以获得「维纳斯罗德纹」--装修店铺所用的地板样式,可以获得「维纳斯罗德纹」--装修店铺所用的地板样式,可以獲得「維納斯羅德紋」--裝修店鋪所用的地板樣式,Contains「Venus Rhodes」--Shop Floor
可以获得「拼块地板」--装修店铺所用的地板样式,可以获得「拼块地板」--装修店铺所用的地板样式,可以獲得「拼塊地板」--裝修店鋪所用的地板樣式,Contains「Tile Floor」--Shop Floor
可以获得「粽叶地板」--装修店铺所用的地板样式,可以获得「粽叶地板」--装修店铺所用的地板样式,可以獲得「粽葉地板」--裝修店鋪所用的地板樣式,Contains「Reed Leaf Floor」--Shop Floor
可以获得「花簇地板」--装修店铺所用的地板样式,可以获得「花簇地板」--装修店铺所用的地板样式,可以獲得「花簇地板」--裝修店鋪所用的地板樣式,Contains「Flower Floor」--Shop Floor
可以获得「方形地板」--装修店铺所用的地板样式,可以获得「方形地板」--装修店铺所用的地板样式,可以獲得「方形地板」--裝修店鋪所用的地板樣式,Contains「Square Floor」--Shop Floor
可以获得「电光迸射地板」--装修店铺所用的地板样式,可以获得「电光迸射地板」--装修店铺所用的地板样式,可以獲得「電光迸射地板」--裝修店鋪所用的地板樣式,Contains「Light Floor」--Shop Floor
可以获得「枫叶地板」--装修店铺所用的地板样式,可以获得「枫叶地板」--装修店铺所用的地板样式,可以獲得「楓葉地板」--裝修店鋪所用的地板樣式,Contains「Maple Floor」--Shop Floor
可以获得「狗狗地板」--装修店铺所用的地板样式,可以获得「狗狗地板」--装修店铺所用的地板样式,可以獲得「狗狗地板」--裝修店鋪所用的地板樣式,Contains「Dog Floor」--Shop Floor
可以获得「交织地板」--装修店铺所用的地板样式,可以获得「交织地板」--装修店铺所用的地板样式,可以獲得「交織地板」--裝修店鋪所用的地板樣式,Contains「Interwoven Floor」--Shop Floor
可以获得「粉刷的墙壁」--装修店铺所用的墙纸样式,可以获得「粉刷的墙壁」--装修店铺所用的墙纸样式,可以獲得「粉刷的墻壁」--裝修店鋪所用的墻紙樣式,Contains「Whitewashed Walls」--Shop Wallpaper
可以获得「砖头墙壁」--装修店铺所用的墙纸样式,可以获得「砖头墙壁」--装修店铺所用的墙纸样式,可以獲得「磚頭墻壁」--裝修店鋪所用的墻紙樣式,Contains「Brick Wall」--Shop Wallpaper
可以获得「条纹墙纸」--装修店铺所用的墙纸样式,可以获得「条纹墙纸」--装修店铺所用的墙纸样式,可以獲得「條紋墻紙」--裝修店鋪所用的墻紙樣式,Contains「Striped Wallpaper」--Shop Wallpaper
可以获得「黄昏墙纸」--装修店铺所用的墙纸样式,可以获得「黄昏墙纸」--装修店铺所用的墙纸样式,可以獲得「黃昏墻紙」--裝修店鋪所用的墻紙樣式,Contains「Twilight Wallpaper」--Shop Wallpaper
可以获得「海面幻影墙纸」--装修店铺所用的墙纸样式,可以获得「海面幻影墙纸」--装修店铺所用的墙纸样式,可以獲得「海面幻影墻紙」--裝修店鋪所用的墻紙樣式,Contains「Sea Wallpaper」--Shop Wallpaper
可以获得「西瓜墙纸」--装修店铺所用的墙纸样式,可以获得「西瓜墙纸」--装修店铺所用的墙纸样式,可以獲得「西瓜墻紙」--裝修店鋪所用的墻紙樣式,Contains「Watermelon Wallpaper」--Shop Wallpaper
可以获得「动物墙纸」--装修店铺所用的墙纸样式,可以获得「动物墙纸」--装修店铺所用的墙纸样式,可以獲得「動物墻紙」--裝修店鋪所用的墻紙樣式,Contains「Animal Wallpaper」--Shop Wallpaper
可以获得「仿砖墙纸」--装修店铺所用的墙纸样式,可以获得「仿砖墙纸」--装修店铺所用的墙纸样式,可以獲得「仿磚墻紙」--裝修店鋪所用的墻紙樣式,Contains「Brick Wallpaper」--Shop Wallpaper
可以获得「竹墙纸」--装修店铺所用的墙纸样式,可以获得「竹墙纸」--装修店铺所用的墙纸样式,可以獲得「竹墻紙」--裝修店鋪所用的墻紙樣式,Contains「Bamboo Wallpaper」--Shop Wallpaper
可以获得「复古墙纸」--装修店铺所用的墙纸样式,可以获得「复古墙纸」--装修店铺所用的墙纸样式,可以獲得「復古墻紙」--裝修店鋪所用的墻紙樣式,Contains「Vintage Wallpaper」--Shop Wallpaper
可以获得「儿童墙纸」--装修店铺所用的墙纸样式,可以获得「儿童墙纸」--装修店铺所用的墙纸样式,可以獲得「兒童墻紙」--裝修店鋪所用的墻紙樣式,Contains「Kids Wallpaper」--Shop Wallpaper
可以获得「海底世界墙纸」--装修店铺所用的墙纸样式,可以获得「海底世界墙纸」--装修店铺所用的墙纸样式,可以獲得「海底世界墻紙」--裝修店鋪所用的墻紙樣式,Contains「Underwater Wallpaper」--Shop Wallpaper
可以获得「晚安墙纸」--装修店铺所用的墙纸样式,可以获得「晚安墙纸」--装修店铺所用的墙纸样式,可以獲得「晚安墻紙」--裝修店鋪所用的墻紙樣式,Contains「Goodnight Wallpaper」--Shop Wallpaper
可以获得「花海墙纸」--装修店铺所用的墙纸样式,可以获得「花海墙纸」--装修店铺所用的墙纸样式,可以獲得「花海墻紙」--裝修店鋪所用的墻紙樣式,Contains「Flower Sea Wallpaper」--Shop Wallpaper
可以获得「星星墙纸」--装修店铺所用的墙纸样式,可以获得「星星墙纸」--装修店铺所用的墙纸样式,可以獲得「星星墻紙」--裝修店鋪所用的墻紙樣式,Contains「Star Wallpaper」--Shop Wallpaper
可以获得「麋鹿墙纸」--装修店铺所用的墙纸样式,可以获得「麋鹿墙纸」--装修店铺所用的墙纸样式,可以獲得「麋鹿墻紙」--裝修店鋪所用的墻紙樣式,Contains「Elk Wallpaper」--Shop Wallpaper
可以获得「祥云墙纸」--装修店铺所用的墙纸样式,可以获得「祥云墙纸」--装修店铺所用的墙纸样式,可以獲得「祥雲墻紙」--裝修店鋪所用的墻紙樣式,Contains「Cloud Wallpaper」--Shop Wallpaper
可以获得「小地毯」--装饰店铺所用的地毯,可以获得「小地毯」--装饰店铺所用的地毯,可以獲得「小地毯」--裝飾店鋪所用的地毯,Contains「Small Carpet」--Shop Carpet
可以获得「大地毯」--装饰店铺所用的地毯,可以获得「大地毯」--装饰店铺所用的地毯,可以獲得「大地毯」--裝飾店鋪所用的地毯,Contains「Large Carpet」--Shop Carpet
可以获得「武器板」--装饰店铺所用的墙壁挂饰,可以获得「武器板」--装饰店铺所用的墙壁挂饰,可以獲得「武器板」--裝飾店鋪所用的墻壁掛飾,Contains「Weapon Board」--Wall Decor
可以获得「留言板」--装饰店铺所用的墙壁挂饰,可以获得「留言板」--装饰店铺所用的墙壁挂饰,可以獲得「留言板」--裝飾店鋪所用的墻壁掛飾,Contains「Message Board」--Wall Decor
可以获得「壁垒日报」--装饰店铺所用的墙壁挂饰,可以获得「壁垒日报」--装饰店铺所用的墙壁挂饰,可以獲得「壁壘日報」--裝飾店鋪所用的墻壁掛飾,Contains「Shelter Daily」--Wall Decor
可以获得「壁炉」--装饰店铺所用的地面摆件,可以获得「壁炉」--装饰店铺所用的地面摆件,可以獲得「壁爐」--裝飾店鋪所用的地面擺件,Contains「Fireplace」--Indoor Furniture
可以获得「羚羊墙饰」--装饰店铺所用的墙壁挂饰,可以获得「羚羊墙饰」--装饰店铺所用的墙壁挂饰,可以獲得「羚羊墻飾」--裝飾店鋪所用的墻壁掛飾,Contains「Antelope Decor」--Wall Decor
可以获得「编织墙饰」--装饰店铺所用的墙壁挂饰,可以获得「编织墙饰」--装饰店铺所用的墙壁挂饰,可以獲得「編織墻飾」--裝飾店鋪所用的墻壁掛飾,Contains「Woven Decor」--Wall Decor
可以获得「油箱」--装饰店铺所用的地面摆件,可以获得「油箱」--装饰店铺所用的地面摆件,可以獲得「油箱」--裝飾店鋪所用的地面擺件,Contains「Oil Trunk」--Indoor Furniture
可以获得「子弹箱」--装饰店铺所用的地面摆件,可以获得「子弹箱」--装饰店铺所用的地面摆件,可以獲得「子彈箱」--裝飾店鋪所用的地面擺件,Contains「Bullet Container」--Indoor Furniture
可以获得「木制地下室」--装饰店铺所用的地面摆件,可以获得「木制地下室」--装饰店铺所用的地面摆件,可以獲得「木製地下室」--裝飾店鋪所用的地面擺件,Contains「Wood Basement」--Indoor Furniture
可以获得「精钢地牢」--装饰店铺所用的地面摆件,可以获得「精钢地牢」--装饰店铺所用的地面摆件,可以獲得「精鋼地牢」--裝飾店鋪所用的地面擺件,Contains「Steel Dungeon」--Indoor Furniture
可以获得「设计师的桌子」--装饰店铺所用的地面摆件,可以获得「设计师的桌子」--装饰店铺所用的地面摆件,可以獲得「設計師的桌子」--裝飾店鋪所用的地面擺件,Contains「Designer Desk」--Indoor Furniture
可以获得「幸运飞镖」--装饰店铺所用的墙壁挂饰,可以获得「幸运飞镖」--装饰店铺所用的墙壁挂饰,可以獲得「幸運飛鏢」--裝飾店鋪所用的墻壁掛飾,Contains「Lucky Dart」--Wall Decor
可以获得「花盆」--装饰店铺所用的地面摆件,可以获得「花盆」--装饰店铺所用的地面摆件,可以獲得「花盆」--裝飾店鋪所用的地面擺件,Contains「Flowerpot」--Indoor Furniture
可以获得「修复的街机」--装饰店铺所用的地面摆件,可以获得「修复的街机」--装饰店铺所用的地面摆件,可以獲得「修復的街機」--裝飾店鋪所用的地面擺件,Contains「Repaired Arcade」--Indoor Furniture
可以获得「盆栽」--装饰店铺所用的地面摆件,可以获得「盆栽」--装饰店铺所用的地面摆件,可以獲得「盆栽」--裝飾店鋪所用的地面擺件,Contains「Potted Plants」--Indoor Furniture
可以获得「钢琴」--装饰店铺所用的地面摆件,可以获得「钢琴」--装饰店铺所用的地面摆件,可以獲得「鋼琴」--裝飾店鋪所用的地面擺件,Contains「Piano」--Indoor Furniture
可以获得「书柜」--装饰店铺所用的地面摆件,可以获得「书柜」--装饰店铺所用的地面摆件,可以獲得「書櫃」--裝飾店鋪所用的地面擺件,Contains「Bookcase」--Indoor Furniture
可以获得「沙发」--装饰店铺所用的地面摆件,可以获得「沙发」--装饰店铺所用的地面摆件,可以獲得「沙發」--裝飾店鋪所用的地面擺件,Contains「Sofa」--Indoor Furniture
可以获得「破损的音响」--装饰店铺所用的地面摆件,可以获得「破损的音响」--装饰店铺所用的地面摆件,可以獲得「破損的音響」--裝飾店鋪所用的地面擺件,Contains「Broken Speaker」--Indoor Furniture
可以获得「待客沙发」--装饰店铺所用的地面摆件,可以获得「待客沙发」--装饰店铺所用的地面摆件,可以獲得「待客沙發」--裝飾店鋪所用的地面擺件,Contains「Guest Sofa」--Indoor Furniture
可以获得「桌面足球」--装饰店铺所用的地面摆件,可以获得「桌面足球」--装饰店铺所用的地面摆件,可以獲得「桌面足球」--裝飾店鋪所用的地面擺件,Contains「Football Table」--Indoor Furniture
可以获得「留声机」--装饰店铺所用的地面摆件,可以获得「留声机」--装饰店铺所用的地面摆件,可以獲得「留聲機」--裝飾店鋪所用的地面擺件,Contains「Phonograph」--Indoor Furniture
可以获得「招财猫」--装饰店铺所用的地面摆件,可以获得「招财猫」--装饰店铺所用的地面摆件,可以獲得「招財貓」--裝飾店鋪所用的地面擺件,Contains「Lucky Cat」--Indoor Furniture
可以获得「老式挂钟」--装饰店铺所用的墙壁挂饰,可以获得「老式挂钟」--装饰店铺所用的墙壁挂饰,可以獲得「老式掛鐘」--裝飾店鋪所用的墻壁掛飾,Contains「Old Wall Clock」--Wall Decor
可以获得「落地钟」--装饰店铺所用的地面摆件,可以获得「落地钟」--装饰店铺所用的地面摆件,可以獲得「落地鐘」--裝飾店鋪所用的地面擺件,Contains「Grandfather Clock」--Indoor Furniture
可以获得「吉他」--装饰店铺所用的墙壁挂饰,可以获得「吉他」--装饰店铺所用的墙壁挂饰,可以獲得「吉他」--裝飾店鋪所用的墻壁掛飾,Contains「Guitar」--Wall Decor
可以获得「木乃伊」--装饰店铺所用的地面摆件,可以获得「木乃伊」--装饰店铺所用的地面摆件,可以獲得「木乃伊」--裝飾店鋪所用的地面擺件,Contains「Mummy」--Indoor Furniture
可以获得「名画-呐喊」--装饰店铺所用的墙壁挂饰,可以获得「名画-呐喊」--装饰店铺所用的墙壁挂饰,可以獲得「名畫-吶喊」--裝飾店鋪所用的墻壁掛飾,Contains「Painting - Scream」--Wall Decor
可以获得「名画-蒙娜丽莎」--装饰店铺所用的墙壁挂饰,可以获得「名画-蒙娜丽莎」--装饰店铺所用的墙壁挂饰,可以獲得「名畫-蒙娜麗莎」--裝飾店鋪所用的墻壁掛飾,Contains「Painting - Mona Lisa」--Wall Decor
可以获得「吸血鬼棺材」--装饰店铺所用的地面摆件,可以获得「吸血鬼棺材」--装饰店铺所用的地面摆件,可以獲得「吸血鬼棺材」--裝飾店鋪所用的地面擺件,Contains「Vampire Coffin」--Indoor Furniture
可以获得「十字架」--装饰店铺所用的墙壁挂饰,可以获得「十字架」--装饰店铺所用的墙壁挂饰,可以獲得「十字架」--裝飾店鋪所用的墻壁掛飾,Contains「Cross」--Wall Decor
可以获得「恐龙化石」--装饰店铺所用的地面摆件,可以获得「恐龙化石」--装饰店铺所用的地面摆件,可以獲得「恐龍化石」--裝飾店鋪所用的地面擺件,Contains「Dinosaur Fossil」--Indoor Furniture
可以获得「锦绣花田毯」--装饰店铺所用的地毯,可以获得「锦绣花田毯」--装饰店铺所用的地毯,可以獲得「錦繡花田毯」--裝飾店鋪所用的地毯,Contains「Flower Field Blanket」--Shop Carpet
可以获得「方形红毯」--装饰店铺所用的地毯,可以获得「方形红毯」--装饰店铺所用的地毯,可以獲得「方形紅毯」--裝飾店鋪所用的地毯,Contains「Red Square Carpet」--Shop Carpet
可以获得「魔法地毯」--装饰店铺所用的地毯,可以获得「魔法地毯」--装饰店铺所用的地毯,可以獲得「魔法地毯」--裝飾店鋪所用的地毯,Contains「Magic Carpet」--Shop Carpet
可以获得「圆形红毯」--装饰店铺所用的地毯,可以获得「圆形红毯」--装饰店铺所用的地毯,可以獲得「圓形紅毯」--裝飾店鋪所用的地毯,Contains「Red Round Carpet」--Shop Carpet
可以获得「流苏毯」--装饰店铺所用的地毯,可以获得「流苏毯」--装饰店铺所用的地毯,可以獲得「流蘇毯」--裝飾店鋪所用的地毯,Contains「Tassel Blanket」--Shop Carpet
可以获得「百灵鸟毯」--装饰店铺所用的地毯,可以获得「百灵鸟毯」--装饰店铺所用的地毯,可以獲得「百靈鳥毯」--裝飾店鋪所用的地毯,Contains「Lark Blanket」--Shop Carpet
可以获得「鹿角毯」--装饰店铺所用的地毯,可以获得「鹿角毯」--装饰店铺所用的地毯,可以獲得「鹿角毯」--裝飾店鋪所用的地毯,Contains「Antler Blanket」--Shop Carpet
可以获得「斑点狗地毯」--装饰店铺所用的地毯,可以获得「斑点狗地毯」--装饰店铺所用的地毯,可以獲得「斑點狗地毯」--裝飾店鋪所用的地毯,Contains「Dalmatians Carpet」--Shop Carpet
可以获得「熊皮地毯」--装饰店铺所用的地毯,可以获得「熊皮地毯」--装饰店铺所用的地毯,可以獲得「熊皮地毯」--裝飾店鋪所用的地毯,Contains「Bearskin Rug」--Shop Carpet
可以获得「残破的发电机」--装饰店铺外的室外摆件,可以获得「残破的发电机」--装饰店铺外的室外摆件,可以獲得「殘破的發電機」--裝飾店鋪外的室外擺件,Contains「Broken Generator」--Outdoor Furniture
可以获得「招牌废墟」--装饰店铺外的室外摆件,可以获得「招牌废墟」--装饰店铺外的室外摆件,可以獲得「招牌廢墟」--裝飾店鋪外的室外擺件,Contains「Signboard Ruins」--Outdoor Furniture
可以获得「路障」--装饰店铺外的室外摆件,可以获得「路障」--装饰店铺外的室外摆件,可以獲得「路障」--裝飾店鋪外的室外擺件,Contains「Roadblock」--Outdoor Furniture
可以获得「烧烤架」--装饰店铺外的室外摆件,可以获得「烧烤架」--装饰店铺外的室外摆件,可以獲得「燒烤架」--裝飾店鋪外的室外擺件,Contains「Barbecue Rack」--Outdoor Furniture
可以获得「邮箱」--装饰店铺外的室外摆件,可以获得「邮箱」--装饰店铺外的室外摆件,可以獲得「郵箱」--裝飾店鋪外的室外擺件,Contains「Mailbox」--Outdoor Furniture
可以获得「童年秋千」--装饰店铺外的室外摆件,可以获得「童年秋千」--装饰店铺外的室外摆件,可以獲得「童年秋千」--裝飾店鋪外的室外擺件,Contains「Minor Swing」--Outdoor Furniture
可以获得「仙人掌绿植」--装饰店铺外的室外摆件,可以获得「仙人掌绿植」--装饰店铺外的室外摆件,可以獲得「仙人掌綠植」--裝飾店鋪外的室外擺件,Contains「Cactus」--Outdoor Furniture
可以获得「热带椰子树」--装饰店铺外的室外摆件,可以获得「热带椰子树」--装饰店铺外的室外摆件,可以獲得「熱帶椰子樹」--裝飾店鋪外的室外擺件,Contains「Coconut Tree」--Outdoor Furniture
可以获得「凉亭」--装饰店铺外的室外摆件,可以获得「凉亭」--装饰店铺外的室外摆件,可以獲得「涼亭」--裝飾店鋪外的室外擺件,Contains「Gazebo」--Outdoor Furniture
可以获得「冰淇淋车」--装饰店铺外的室外摆件,可以获得「冰淇淋车」--装饰店铺外的室外摆件,可以獲得「冰淇淋車」--裝飾店鋪外的室外擺件,Contains「Ice Cream Truck」--Outdoor Furniture
可以获得「自由女神」--装饰店铺外的室外摆件,可以获得「自由女神」--装饰店铺外的室外摆件,可以獲得「自由女神」--裝飾店鋪外的室外擺件,Contains「Statue of Liberty」--Outdoor Furniture
可以获得「水井」--装饰店铺外的室外摆件,可以获得「水井」--装饰店铺外的室外摆件,可以獲得「水井」--裝飾店鋪外的室外擺件,Contains「Well」--Outdoor Furniture
可以获得「狮身人像」--装饰店铺外的室外摆件,可以获得「狮身人像」--装饰店铺外的室外摆件,可以獲得「獅身人像」--裝飾店鋪外的室外擺件,Contains「Sphinx」--Outdoor Furniture
可以获得「神庙」--装饰店铺外的室外摆件,可以获得「神庙」--装饰店铺外的室外摆件,可以獲得「神廟」--裝飾店鋪外的室外擺件,Contains「Temple」--Outdoor Furniture
可以获得「玛雅金字塔」--装饰店铺外的室外摆件,可以获得「玛雅金字塔」--装饰店铺外的室外摆件,可以獲得「瑪雅金字塔」--裝飾店鋪外的室外擺件,Contains「Mayan Pyramid」--Outdoor Furniture
可以获得「埃菲尔铁塔」--装饰店铺外的室外摆件,可以获得「埃菲尔铁塔」--装饰店铺外的室外摆件,可以獲得「埃菲爾鐵塔」--裝飾店鋪外的室外擺件,Contains「Eiffel Tower」--Outdoor Furniture
可以获得「比萨斜塔」--装饰店铺外的室外摆件,可以获得「比萨斜塔」--装饰店铺外的室外摆件,可以獲得「比薩斜塔」--裝飾店鋪外的室外擺件,Contains「Leaning Tower」--Outdoor Furniture
可以获得「废弃加油机」--装饰店铺外的室外摆件,可以获得「废弃加油机」--装饰店铺外的室外摆件,可以獲得「廢棄加油機」--裝飾店鋪外的室外擺件,Contains「Fuel Dispenser」--Outdoor Furniture
可以获得「印第安图腾柱」--装饰店铺外的室外摆件,可以获得「印第安图腾柱」--装饰店铺外的室外摆件,可以獲得「印第安圖騰柱」--裝飾店鋪外的室外擺件,Contains「Indian Totem」--Outdoor Furniture
可以获得「房车」--装饰店铺外的室外摆件,可以获得「房车」--装饰店铺外的室外摆件,可以獲得「房車」--裝飾店鋪外的室外擺件,Contains「Motorhome」--Outdoor Furniture
可以获得「游艇」--装饰店铺外的室外摆件,可以获得「游艇」--装饰店铺外的室外摆件,可以獲得「遊艇」--裝飾店鋪外的室外擺件,Contains「Yacht」--Outdoor Furniture
可以获得「耶稣神像」--装饰店铺外的室外摆件,可以获得「耶稣神像」--装饰店铺外的室外摆件,可以獲得「耶穌神像」--裝飾店鋪外的室外擺件,Contains「Jesus Statue」--Outdoor Furniture
可以获得「花盆路灯」--装饰店铺外的室外摆件,可以获得「花盆路灯」--装饰店铺外的室外摆件,可以獲得「花盆路燈」--裝飾店鋪外的室外擺件,Contains「Flowerpot Light」--Outdoor Furniture
恭喜{0}在<Color=#0DF38D>礼包</Color>中获得{1},恭喜{0}在<Color=#0DF38D>礼包</Color>中获得{1},恭喜{0}在<Color=#0DF38D>禮包</Color>中獲得{1},Congrats! {0} obtained {1} from the <Color=#0DF38D> Pack</Color>
挑战街道废墟正常难度BOSSx1次,挑战街道废墟正常难度BOSSx1次,挑戰街道廢墟正常難度BOSSx1次,Challenge the Street Ruins boss(Normal) x1 time
转盘可以抽取到各种各样的福利道具！,转盘可以抽取到各种各样的福利道具！,轉盤可以抽取到各種各樣的福利道具！,Win various items from Lucky Wheel！
累计卖出价值{1}新币的{0},累计卖出价值{1}新币的{0},累計賣出價值{1}新幣的{0},Earn up to {1} new dollar by selling {0}
通过市场出售装备获得{1}新币,通过市场出售装备获得{1}新币,通過市場出售裝備獲得{1}新幣,Earn {1} new dollar from the market
在英雄酒吧刷新{1}次,在英雄酒吧刷新{1}次,在英雄酒吧刷新{1}次,Refresh the bar {1} time(s)
商店内摆放5个货架,商店内摆放5个货架,商店內擺放5個貨架,Place 5 shelves
完成任务获取活跃值领取礼包\n礼包可获得英雄晋级道具\n每日00:00刷新活跃奖励,完成任务获取活跃值领取礼包\n每日00:00刷新活跃奖励,完成任務獲取活躍值領取禮包\n每日00:00刷新活躍獎勵,Complete tasks to claim gift packs\n Active rewards are refreshed daily at 00:00
购买后完成任务可解锁以下奖励,◆ 购买后完成任务可解锁以下奖励 ◆,◆ 購買後完成任務可解鎖以下獎勵 ◆,◆ Complete tasks after purchase to unlock the following rewards ◆
{0}点,{0}点,{0}點,{0} points
发送内容中包含敏感内容,发送内容中包含敏感内容,發送內容中包含敏感內容,The content contains invalid words
领取奖励！,领取奖励！,領取獎勵！,Claim Reward!
<size=30>联盟技术</size>,<size=30>联盟技术</size>,<size=30>聯盟技術</size>,<size=30>Guild Tech</size>
招募,招募,招募,Recruit
容量,容量,容量,Capacity
赶工,催促,催促,Rush
广告,广告,廣告,Ads
<size=46>优惠</size>,<size=46>优惠</size>,<size=46>優惠</size>,<size=46>Discounts</size>
优惠,优惠,優惠,Discounts
超值,超值,超值,Bonus
首次翻倍,首次翻倍,首次翻倍,1st Double
3，  解除大亨通行证层数限制层数限制,3，  解除大亨通行证层数限制层数限制,3，  解除大亨通行證層數限製層數限製,3. No limit to tier of Tycoon Pass
距商店关闭还有,距商店关闭还有,距商店關閉還有,Close in:
<size=32>价格</size>,<size=32>价格</size>,<size=32>價格</size>,<size=32>Price</size>
<size=32>优惠</size>,<size=32>优惠</size>,<size=32>優惠</size>,<size=32>Discounts</size>
联盟勋章，可以用来升级联盟科技，开启联盟技能,联盟勋章，可以用来升级联盟科技，开启联盟技能,聯盟勛章，可以用來升級聯盟科技，開啟聯盟技能,Guild Medals， which can be used to upgrade guild tech and unlock guild skills
电锯重弹枪,电锯重弹枪,電鋸重彈槍,Chainsaw Gun
暗金大盾,暗金大盾,暗金大盾,Dark Shield
K6-3头盔,K6-3头盔,K6-3頭盔,K6-3 Helmet
优秀电锯重弹枪,优秀电锯重弹枪,優秀電鋸重彈槍,Superior Chainsaw Gun
无暇电锯重弹枪,无暇电锯重弹枪,無暇電鋸重彈槍,Flawless Chainsaw Gun
史诗电锯重弹枪,史诗电锯重弹枪,史詩電鋸重彈槍,Epic Chainsaw Gun
传奇电锯重弹枪,传奇电锯重弹枪,傳奇電鋸重彈槍,Legendary Chainsaw Gun
优秀K6-3头盔,优秀K6-3头盔,優秀K6-3頭盔,Superior K6-3 Helmet
无暇K6-3头盔,无暇K6-3头盔,無暇K6-3頭盔,Flawless K6-3 Helmet
史诗K6-3头盔,史诗K6-3头盔,史詩K6-3頭盔,Epic K6-3 Helmet
传奇K6-3头盔,传奇K6-3头盔,傳奇K6-3頭盔,Legendary K6-3 Helmet
微波照射仪,微波照射仪,微波照射儀,Irradiator
优秀微波照射仪,优秀微波照射仪,優秀微波照射儀,Superior Irradiator
无暇微波照射仪,无暇微波照射仪,無暇微波照射儀,Flawless Irradiator
史诗微波照射仪,史诗微波照射仪,史詩微波照射儀,Epic Irradiator
传奇微波照射仪,传奇微波照射仪,傳奇微波照射儀,Legendary Irradiator
黑金十字架,黑金十字架,黑金十字架,Gold Cross
优秀黑金十字架,优秀黑金十字架,優秀黑金十字架,Superior Gold Cross
无暇黑金十字架,无暇黑金十字架,無暇黑金十字架,Flawless Gold Cross
史诗黑金十字架,史诗黑金十字架,史詩黑金十字架,Epic Gold Cross
传奇黑金十字架,传奇黑金十字架,傳奇黑金十字架,Legendary Gold Cross
冠军的奖杯,冠军的奖杯,冠軍的獎杯,Champion Trophy
优秀冠军的奖杯,优秀冠军的奖杯,優秀冠軍的獎杯,Superior Trophy
无暇冠军的奖杯,无暇冠军的奖杯,無暇冠軍的獎杯,Flawless Trophy
史诗冠军的奖杯,史诗冠军的奖杯,史詩冠軍的獎杯,Epic Trophy
传奇冠军的奖杯,传奇冠军的奖杯,傳奇冠軍的獎杯,Legendary Trophy
优秀暗金大盾,优秀暗金大盾,優秀暗金大盾,Superior Dark Shield
无暇暗金大盾,无暇暗金大盾,無暇暗金大盾,Flawless Dark Shield
史诗暗金大盾,史诗暗金大盾,史詩暗金大盾,Epic Dark Shield
传奇暗金大盾,传奇暗金大盾,傳奇暗金大盾,Legendary Dark Shield
站在枪口前，你也伤害不了它,站在枪口前，你也伤害不了它,站在槍口前，你也傷害不了它,You can't hurt it even if standing in front of the gun
定向微波技术，据说可以把你的心脏烤熟,定向微波技术，据说可以把你的心脏烤熟,定向微波技術，據說可以把你的心臟烤熟,Kind of microwave technology， which is said to cook heart
盾牌的正面透露出无比的奢华，也许它的装饰作用强于防御作用？,盾牌的正面透露出无比的奢华，也许它的装饰作用强于防御作用？,盾牌的正面透露出無比的奢華，也許它的裝飾作用強於防禦作用？,The shield reveals great luxury. Perhaps it's more decorative than defensive?
制作短袖达到X12可解锁,制作短袖达到X12可解锁,製作短袖達到X12可解鎖,Can be unlocked by crafting ×12 Shirt
制作铁桶头盔达到X20可解锁,制作铁桶头盔达到X20可解锁,製作鐵桶頭盔達到X20可解鎖,Can be unlocked by crafting ×20 Iron Helmet
制作牛仔裤达到X8可解锁,制作牛仔裤达到X8可解锁,製作牛仔褲達到X8可解鎖,Can be unlocked by crafting ×8 Jeans
制作粗壮树干达到X7可解锁,制作粗壮树干达到X7可解锁,製作粗壯樹幹達到X7可解鎖,Can be unlocked by crafting ×7 Sturdy Trunk
制作拳刺达到X8可解锁,制作拳刺达到X8可解锁,製作拳刺達到X8可解鎖,Can be unlocked by crafting ×8 Knuckles
制作雷明顿M870达到X8可解锁,制作雷明顿M870达到X8可解锁,製作雷明頓M870達到X8可解鎖,Can be unlocked by crafting ×8 M870
制作590M霰弹枪达到X30可解锁,制作590M霰弹枪达到X30可解锁,製作590M霰彈槍達到X30可解鎖,Can be unlocked by crafting ×30 590M
制作砍刀达到X7可解锁,制作砍刀达到X7可解锁,製作砍刀達到X7可解鎖,Can be unlocked by crafting ×7 Machete
制作粗壮树干达到X18可解锁,制作粗壮树干达到X18可解锁,製作粗壯樹幹達到X18可解鎖,Can be unlocked by crafting ×18 Trunk
制作劫掠者盾牌达到X36可解锁,制作劫掠者盾牌达到X36可解锁,製作劫掠者盾牌達到X36可解鎖,Can be unlocked by crafting ×36 Bandit Shield
当前有高品质英雄尚未招募，确认是否继续刷新？,当前有高品质英雄尚未招募，确认是否继续刷新？,當前有高品質英雄尚未招募，確認是否繼續刷新？,There are now high-quality heroes to recruit. Are you sure to refresh?
喂食优质食物,喂食优质食物,餵食優質食物,Feed excellent food
是否确定从店铺中移除该宠物？,是否确定从店铺中移除该宠物？,是否確定從店鋪中移除該寵物？,Do you confirm to remove this pet?
你可以免费更换一次用户名。,你可以免费更换一次用户名。,你可以免費更換一次用戶名。,You have a free chance to change the name
领袖之路成长计划,领袖之路成长计划，<color=#61c2ff><size=42>20</size>倍</color>收益！\n可领取<color=#ffea3c><size=42>13600</size>金条奖励！</color>,領袖之路成長計劃，<color=#61c2ff><size=42>20</size>倍</color>收益！\n可領取<color=#ffea3c><size=42>16000</size>金條獎勵！</color>,Leader's Plan， <color=#61c2ff><size=42>2000%</size></color> bonus! \n  <color=#ec6eff><size=42>9.99</size>$</color> to get items worth <color=#ffea3c><size=42>16K</size> gold bar! </color>
正常难度,普通难度,普通難度,Normal
正常,普通,普通,Normal
挑战街道废墟正常难度BOSSx2次,挑战街道废墟普通难度BOSSx2次,挑戰街道廢墟普通難度BOSSx2次,Challenge the Street Ruins boss(Normal) 2 times
尝试给这名幸运顾客<Color=#3aff5c>折扣</Color>，他会感谢你的。,给这名幸运顾客<Color=#3aff5c>折扣</Color>，他会赠送大量能量给你！,給這名幸運顧客<Color=#3aff5c>折扣</Color>，他會贈送大量能量給你！,Try to <Color=#3aff5c> discount</Color> this lucky customer. He will appreciate it.
折扣,折扣出售恢复能量,折扣出售恢復能量,Discount
额外收费,消耗能量加成收益,消耗能量加成收益,Surcharge
商店白天背景音乐,商店白天背景音乐,商店白天背景音樂,
商店晚上背景音乐,商店晚上背景音乐,商店晚上背景音樂,
城市背景音乐,城市背景音乐,城市背景音樂,
通用升级音效（建筑、英雄升级）,通用升级音效（建筑、英雄升级）,通用升級音效（建築、英雄升級）,
新增：激活图纸音效,新增：激活图纸音效,新增：激活圖紙音效,
新增：升级商店音效,新增：升级商店音效,新增：升級商店音效,
新增：店主升级音效,新增：店主升级音效,新增：店主升級音效,
新增：副本出战短曲,新增：副本出战短曲,新增：副本出戰短曲,
新增：步枪开枪声,新增：步枪开枪声,新增：步槍開槍聲,
新增：钝器攻击声,新增：钝器攻击声,新增：鈍器攻擊聲,
新增：弓箭射箭声,新增：弓箭射箭声,新增：弓箭射箭聲,
新增：利刃攻击声,新增：利刃攻击声,新增：利刃攻擊聲,
新增：手枪开枪声,新增：手枪开枪声,新增：手槍開槍聲,
新增：霰弹枪开枪声,新增：霰弹枪开枪声,新增：霰彈槍開槍聲,
新增：重机枪开枪声,新增：重机枪开枪声,新增：重機槍開槍聲,
新增：狙击枪开枪声,新增：狙击枪开枪声,新增：狙擊槍開槍聲,
新增：丧尸怪攻击声,新增：丧尸怪攻击声,新增：喪屍怪攻擊聲,
新增：丧尸BOSS攻击声,新增：丧尸BOSS攻击声,新增：喪屍BOSS攻擊聲,
新增：毒液受击声,新增：毒液受击声,新增：毒液受擊聲,
新增：利刃受击声,新增：利刃受击声,新增：利刃受擊聲,
新增：钝器/弓箭受击声,新增：钝器/弓箭受击声,新增：鈍器/弓箭受擊聲,
新增：霰弹枪受击声,新增：霰弹枪受击声,新增：霰彈槍受擊聲,
新增：手枪受击声,新增：手枪受击声,新增：手槍受擊聲,
新增：狙击枪受击声,新增：狙击枪受击声,新增：狙擊槍受擊聲,
新增：重武器/步枪受击声,新增：重武器/步枪受击声,新增：重武器/步槍受擊聲,
点击英雄列表中的酒吧招募入口,点击英雄列表中的酒吧招募入口,點擊英雄列表中的酒吧招募入口,
点击福利的关闭按钮,点击福利的关闭按钮,點擊福利的關閉按鈕,
关闭福利,关闭福利,關閉福利,
点击福利按钮,点击福利按钮,點擊福利按鈕,
点击主界面福利入口,点击主界面福利入口,點擊主界面福利入口,
点击商店按钮,点击商店按钮,點擊商店按鈕,
点击主界面商店入口,点击主界面商店入口,點擊主界面商店入口,
点击商店每日特惠标签,点击商店每日特惠标签,點擊商店每日特惠標簽,
点击商店内每日特惠标签,点击商店内每日特惠标签,點擊商店內每日特惠標簽,
点击商店黑市标签,点击商店黑市标签,點擊商店黑市標簽,
点击商店内黑市标签,点击商店内黑市标签,點擊商店內黑市標簽,
1天12时,1天12时,1天12時,
　　没有优秀的英雄怎么能探索这广阔的世界？现在他们来了。没有优秀的英雄怎么能探索这广阔的世界没有优秀的英雄怎么能探索这广阔的世界,　　没有优秀的英雄怎么能探索这广阔的世界？现在他们来了。没有优秀的英雄怎么能探索这广阔的世界没有优秀的英雄怎么能探索这广阔的世界,　　沒有優秀的英雄怎麽能探索這廣闊的世界？現在他們來了。沒有優秀的英雄怎麽能探索這廣闊的世界沒有優秀的英雄怎麽能探索這廣闊的世界,
　　没有优秀的英雄怎么能探索这广阔的世界？现在他们来了。没有优秀的英雄怎么能探索这广阔的世界,　　没有优秀的英雄怎么能探索这广阔的世界？现在他们来了。没有优秀的英雄怎么能探索这广阔的世界,　　沒有優秀的英雄怎麽能探索這廣闊的世界？現在他們來了。沒有優秀的英雄怎麽能探索這廣闊的世界,
制作4x衬衫来解锁黑长袍<Color=#84ff00>(3/4)</Color>,制作4x衬衫来解锁黑长袍<Color=#84ff00>(3/4)</Color>,製作4x襯衫來解鎖黑長袍<Color=#84ff00>(3/4)</Color>,
阿凡达-琳,阿凡达-琳,阿凡達-琳,
我是工匠,我是工匠,我是工匠,
加油站到达等级7！,加油站到达等级7！,加油站到達等級7！,
可穿戴3阶装备,可穿戴3阶装备,可穿戴3階裝備,
恭喜XX转职为护卫！,恭喜XX转职为护卫！,恭喜XX轉職為護衛！,
液体炸弹,液体炸弹,液體炸彈,
补充x300,补充x300,補充x300,
无法与服务器建立连接。请检查您的网,无法与服务器建立连接。请检查您的网,無法與服務器建立連接。請檢查您的網,
络。,络。,絡。,
您收到了：纸卷轴 x1,您收到了：纸卷轴 x1,您收到了：紙卷軸 x1,
天空有盾,天空有盾,天空有盾,
0.217361111111111,0.217361111111111,5時13分,
xxx的枪械,xxx的枪械,xxx的槍械,
优惠,优惠,優惠,
8000%！,8000%！,8000%！,
你好，欢迎来到我的商店，需要什么装备，我很乐意为你效劳你好，欢迎来到我的商店，需要什么装备，我很乐意为你效劳你好，欢迎来到我的商店，需要什么装备，我很乐意为你效劳,你好，欢迎来到我的商店，需要什么装备，我很乐意为你效劳你好，欢迎来到我的商店，需要什么装备，我很乐意为你效劳你好，欢迎来到我的商店，需要什么装备，我很乐意为你效劳,你好，歡迎來到我的商店，需要什麽裝備，我很樂意為你效勞你好，歡迎來到我的商店，需要什麽裝備，我很樂意為你效勞你好，歡迎來到我的商店，需要什麽裝備，我很樂意為你效勞,
冷兵器架子,冷兵器架子,冷兵器架子,
升级所需时间升级所需时间升级所需时间升级所需时间升级所需时间,升级所需时间升级所需时间升级所需时间升级所需时间升级所需时间,升級所需時間升級所需時間升級所需時間升級所需時間升級所需時間,
精致-2,精致-2,精致-2,
出售价格+6%,出售价格+6%,出售價格+6%,
天下兴旺,天下兴旺,天下興旺,
礼包名字,礼包名字,禮包名字,
标签,标签,標簽,
礼包文字描述,礼包文字描述,禮包文字描述,
原价￥666元,原价￥666元,原價￥666元,
我也不知道我是什么礼包111,我也不知道我是什么礼包111,我也不知道我是什麽禮包111,
我也不知道我是什么礼包222,我也不知道我是什么礼包222,我也不知道我是什麽禮包222,
23天20小时,23天20小时,23天20小時,
500/月,500/月,500/月,
1200,1200,1200,
0.172916666666667,0.172916666666667,4時09分,
伊丽莎白鼠,伊丽莎白鼠,伊麗莎白鼠,
0.460416666666667,0.460416666666667,11時03分,
3分24秒,3分24秒,3分24秒,
小松鼠,小松鼠,小松鼠,
我是克隆的,我是克隆的,我是克隆的,
我是修复进度条,我是修复进度条,我是修復進度條,
我是卢本伟,我是卢本伟,我是盧本偉,
服务器数据(去除要删除的id):,服务器数据(去除要删除的id):,服務器數據(去除要刪除的id):,
  垃圾id  ,  垃圾id  ,  垃圾id  ,
     ******** 客户端缓存数据(暂未同步)：,     ******** 客户端缓存数据(暂未同步)：,     ******** 客戶端緩存數據(暫未同步)：,
领取奖励！,领取奖励！,領取獎勵！,
,,,
制作3X手套,制作3X手套,製作3X手套,
,,,
7.63888888888889E-02,7.63888888888889E-02,1時50分,
制作其他物品6次,制作其他物品6次,製作其他物品6次,
,,,
售卖2X普荷叶,售卖2X普荷叶,售賣2X普荷葉,
,,,
板斧,板斧,板斧,
来自世界的方式将雷锋精神了快来自世界的方式将雷锋精神了快,来自世界的方式将雷锋精神了快来自世界的方式将雷锋精神了快,來自世界的方式將雷鋒精神了快來自世界的方式將雷鋒精神了快,
黄金钥匙,黄金钥匙,黃金鑰匙,
容量上限：78/90,容量上限：78/90,容量上限：78/90,
0.998611111111111,0.998611111111111,23時58分,
阿斯顿,阿斯顿,阿斯頓,
19分钟前,19分钟前,19分鐘前,
32分钟前,32分钟前,32分鐘前,
0.15,0.15,0.15,
鬼面军团,鬼面军团,鬼面軍團,
蛇皮袋,蛇皮袋,蛇皮袋,
轻型砍刀1111111111111111111111111,轻型砍刀1111111111111111111111111,輕型砍刀1111111111111111111111111,
0.489583333333333,0.489583333333333,11時45分,
12天23时,12天23时,12天23時,
43分34秒,43分34秒,43分34秒,
制作4x衬衫来解锁黑长袍(3/4),制作4x衬衫来解锁黑长袍(3/4),製作4x襯衫來解鎖黑長袍(3/4),
奖品1:1111    概率50%,奖品1:1111    概率50%,獎品1:1111    概率50%,
奖品1:1111    概率50%,奖品1:1111    概率50%,獎品1:1111    概率50%,
奖品1:1111    概率50%,奖品1:1111    概率50%,獎品1:1111    概率50%,
奖品1:1111    概率50%,奖品1:1111    概率50%,獎品1:1111    概率50%,
奖品1:1111    概率50%,奖品1:1111    概率50%,獎品1:1111    概率50%,
奖品1:1111    概率50%,奖品1:1111    概率50%,獎品1:1111    概率50%,
奖品1:1111    概率50%,奖品1:1111    概率50%,獎品1:1111    概率50%,
奖品1:1111    概率50%,奖品1:1111    概率50%,獎品1:1111    概率50%,
奖品1:1111    概率50%,奖品1:1111    概率50%,獎品1:1111    概率50%,
11级,11级,11級,
8分24秒,8分24秒,8分24秒,
英雄之剑,英雄之剑,英雄之劍,
5阶剑,5阶剑,5階劍,
铁血战靴啊啊,铁血战靴啊啊,鐵血戰靴啊啊,
述装述装述装述装述装述装述装述装述装述装,述装述装述装述装述装述装述装述装述装述装,述裝述裝述裝述裝述裝述裝述裝述裝述裝述裝,
升级槽5,升级槽5,升級槽5,
,,,
99级,99级,99級,
铁甲战衣,铁甲战衣,鐵甲戰衣,
制作16x烈焰铠甲,制作16x烈焰铠甲,製作16x烈焰鎧甲,
咆哮森林困难,咆哮森林困难,咆哮森林困難,
2小时30分,2小时30分,2小時30分,
12级,12级,12級,
6级,6级,6級,
神奇金属,神奇金属,神奇金屬,
通关公交站台30次,通关公交站台30次,通關公交站臺30次,
通关大卖场10次可解锁,通关大卖场10次可解锁,通關大賣場10次可解鎖,
12小时24分,12小时24分,12小時24分,
运力金刚宋万,运力金刚宋万,運力金剛宋萬,
萨芬,萨芬,薩芬,
6.66666666666667E-02,6.66666666666667E-02,1時36分,
赤金宝箱,赤金宝箱,赤金寶箱,
板斧11111111111111111111111,板斧11111111111111111111111,板斧11111111111111111111111,
15秒,15秒,15秒,
0.826388888888889,0.826388888888889,19時50分,
100解锁,100解锁,100解鎖,
,,,
赶工,催促,催促,
,,,
我是通知内容,我是通知内容,我是通知內容,
我是通知内容我是通知内容我是通知内容我是通知内容我是通知内容我是通知内容,我是通知内容我是通知内容我是通知内容我是通知内容我是通知内容我是通知内容,我是通知內容我是通知內容我是通知內容我是通知內容我是通知內容我是通知內容,
广告,广告,廣告,
测试,测试,測試,
健康游戏忠告,健康游戏忠告,健康遊戲忠告,
抵制不良游戏，拒绝盗版游戏。 ,抵制不良游戏，拒绝盗版游戏。 ,抵製不良遊戲，拒絕盜版遊戲。 ,
注意自我保护，谨防受骗上当。,注意自我保护，谨防受骗上当。,註意自我保護，謹防受騙上當。,
,,,
适度游戏益脑，沉迷游戏伤身。 ,适度游戏益脑，沉迷游戏伤身。 ,適度遊戲益腦，沈迷遊戲傷身。 ,
合理安排时间，享受健康生活。,合理安排时间，享受健康生活。,合理安排時間，享受健康生活。,
游戏著作权人：北京掌上迅联网络技术有限公司   出版单位：北京中科奥科技有限公司,游戏著作权人：北京掌上迅联网络技术有限公司   出版单位：北京中科奥科技有限公司,遊戲著作權人：北京掌上迅聯網絡技術有限公司   出版單位：北京中科奧科技有限公司,
,,,
审批文号： 新广出审{2017}2080号    出版物号：ISBN 978-7-7979-5554-6,审批文号： 新广出审{2017}2080号    出版物号：ISBN 978-7-7979-5554-6,審批文號： 新廣出審{2017}2080號    出版物號：ISBN 978-7-7979-5554-6,
杰西卡,杰西卡,傑西卡,
价值￥68,价值￥68,價值￥68,
正在升级箱子,正在升级箱子,正在升級箱子,
999，999.9亿,999，999.9亿,999，999.9億,
1天16时,1天16时,1天16時,
7个月,7个月,7個月,
下个倒计时18时47分,下个倒计时18时47分,下個倒計時18時47分,
我是礼包名字,我是礼包名字,我是禮包名字,
通过制作7个简易弓箭来解锁新装备左轮,通过制作7个简易弓箭来解锁新装备左轮,通過製作7個簡易弓箭來解鎖新裝備左輪,
迫击炮,迫击炮,迫擊炮,
1.01041666666667,1.01041666666667,1.01041666666667,
12天25时,12天25时,12天25時,
机械铠甲,机械铠甲,機械鎧甲,
2分35秒,2分35秒,2分35秒,
0.841666666666667,0.841666666666667,20時12分,
你确认要加入百奥达联盟吗？,你确认要加入百奥达联盟吗？,你確認要加入百奧達聯盟嗎？,
你确认要离开百奥达联盟吗？离开后你将无法享受联盟共享改造与研究技术等级加成！,你确认要离开百奥达联盟吗？离开后你将无法享受联盟共享改造与研究技术等级加成！,你確認要離開百奧達聯盟嗎？離開後你將無法享受聯盟共享改造與研究技術等級加成！,
3小时23分前,3小时23分前,3小時23分前,
恭喜，您已到达等级12！,恭喜，您已到达等级12！,恭喜，您已到達等級12！,
用户协议和隐私政策,用户协议和隐私政策,用戶協議和隱私政策,
要分解液体炸弹吗？,要分解液体炸弹吗？,要分解液體炸彈嗎？,
将军护甲,将军护甲,將軍護甲,
2阶轻甲,2阶轻甲,2階輕甲,
0.635590277777778,0.635590277777778,15時15分15秒,
对后排大大大单个敌人造成的105%伤害,对后排大大大单个敌人造成的105%伤害,對後排大大大單個敵人造成的105%傷害,
正义攻击正义攻击正义攻击正义攻击正义攻击正义攻击正义攻击正义攻击正义攻击正义攻击正义攻击,正义攻击正义攻击正义攻击正义攻击正义攻击正义攻击正义攻击正义攻击正义攻击正义攻击正义攻击,正義攻擊正義攻擊正義攻擊正義攻擊正義攻擊正義攻擊正義攻擊正義攻擊正義攻擊正義攻擊正義攻擊,
是否要解雇 哈尼？,是否要解雇 哈尼？,是否要解雇 哈尼？,
奥利维亚,奥利维亚,奧利維亞,
华莱士,华莱士,華萊士,
需要4级裁缝店,需要4级裁缝店,需要4級裁縫店,
狮子的怒吼,狮子的怒吼,獅子的怒吼,
史提芬,史提芬,史提芬,
恢复卡拉乔,恢复卡拉乔,恢復卡拉喬,
卡拉乔将准备好再次参加冒险！,卡拉乔将准备好再次参加冒险！,卡拉喬將準備好再次參加冒險！,
提高攻击力提高攻击力提高攻击力提高攻击力提高攻击力提高攻击力提高攻击力提高攻击力,提高攻击力提高攻击力提高攻击力提高攻击力提高攻击力提高攻击力提高攻击力提高攻击力,提高攻擊力提高攻擊力提高攻擊力提高攻擊力提高攻擊力提高攻擊力提高攻擊力提高攻擊力,
职业介绍职业介绍职业介绍职业介绍职业介绍职业介绍职业介绍职业介绍职业介绍职业介绍,职业介绍职业介绍职业介绍职业介绍职业介绍职业介绍职业介绍职业介绍职业介绍职业介绍,職業介紹職業介紹職業介紹職業介紹職業介紹職業介紹職業介紹職業介紹職業介紹職業介紹,
琳-克里斯按,琳-克里斯按,琳-克裏斯按,
需要化学制剂厂达到99级,需要化学制剂厂达到99级,需要化學製劑廠達到99級,
小妞的大哥额,小妞的大哥额,小妞的大哥額,
制作100件xxx装备,制作100件xxx装备,製作100件xxx裝備,
继续望远镜，需要你的帮忙！,继续望远镜，需要你的帮忙！,繼續望遠鏡，需要你的幫忙！,
358万,358万,358萬,
无敌战甲,无敌战甲,無敵戰甲,
望远镜镜,望远镜镜,望遠鏡鏡,
x6,x6,x6,
0.1,0.1,0.1,
1级xx要购买,1级xx要购买,1級xx要購買,
学士外衣,学士外衣,學士外衣,
艾莉的宝物，是非常珍贵的奖励，可获得金条、战斗道具、XXX中任意一个。,艾莉的宝物，是非常珍贵的奖励，可获得金条、战斗道具、XXX中任意一个。,艾莉的寶物，是非常珍貴的獎勵，可獲得金條、戰鬥道具、XXX中任意一個。,
槽位1 槽位2 例如 aaa bbb,槽位1 槽位2 例如 aaa bbb,槽位1 槽位2 例如 aaa bbb,
槽位名称 旋转度数 例如 aaa 66,槽位名称 旋转度数 例如 aaa 66,槽位名稱 旋轉度數 例如 aaa 66,
槽位名称 位置X，Y 例如 aaa 66，77,槽位名称 位置X，Y 例如 aaa 66，77,槽位名稱 位置X，Y 例如 aaa 66，77,
槽位名称 大小X，Y 例如 aaa 66，77,槽位名称 大小X，Y 例如 aaa 66，77,槽位名稱 大小X，Y 例如 aaa 66，77,
,,,
制造盔甲制造盔甲制造盔甲,制造盔甲制造盔甲制造盔甲,製造盔甲製造盔甲製造盔甲,
红色赤金色头盔 x1,红色赤金色头盔 x1,紅色赤金色頭盔 x1,
张三,张三,張三,
制作xxx装备,制作xxx装备,製作xxx裝備,
1.5万,1.5万,1.5萬,
4万,4万,4萬,
8万,8万,8萬,
16万,16万,16萬,
顾客随机选择{1~3}个装饰参观顺序以装饰物的，参观顺序随机。,顾客随机选择{1~3}个装饰参观顺序以装饰物的，参观顺序随机。,顧客隨機選擇{1~3}個裝飾參觀順序以裝飾物的，參觀順序隨機。,
随机选择1个室内装饰，直接走到该装饰处完成参观后离开。,随机选择1个室内装饰，直接走到该装饰处完成参观后离开。,隨機選擇1個室內裝飾，直接走到該裝飾處完成參觀後離開。,
货架有顾客购买的装备时，随机选择1~2室内装饰物，先参观装饰物，最后去往货架选择道具后购买产品。,货架有顾客购买的装备时，随机选择1~2室内装饰物，先参观装饰物，最后去往货架选择道具后购买产品。,貨架有顧客購買的裝備時，隨機選擇1~2室內裝飾物，先參觀裝飾物，最後去往貨架選擇道具後購買產品。,
货架有货状态，顾客直接走到自己需要购买的货架购买商品，并有一定概率跳出aitalk。,货架有货状态，顾客直接走到自己需要购买的货架购买商品，并有一定概率跳出aitalk。,貨架有貨狀態，顧客直接走到自己需要購買的貨架購買商品，並有一定概率跳出aitalk。,
随机选择1个室内装饰，并走到自己的目标货架，选择完毕后到柜台。途中每到1处弹出一次aitalk,随机选择1个室内装饰，并走到自己的目标货架，选择完毕后到柜台。途中每到1处弹出一次aitalk,隨機選擇1個室內裝飾，並走到自己的目標貨架，選擇完畢後到櫃臺。途中每到1處彈出一次aitalk,
随机选择1~3个柜台闲逛，当发现有空柜台时弹aitalk，只出现1次，最终走到自己的需要购买的道具柜台。,随机选择1~3个柜台闲逛，当发现有空柜台时弹aitalk，只出现1次，最终走到自己的需要购买的道具柜台。,隨機選擇1~3個櫃臺閑逛，當發現有空櫃臺時彈aitalk，只出現1次，最終走到自己的需要購買的道具櫃臺。,
随机选择多个柜台（1~3个随机)闲逛，当逛到最后一个货架时（没有自己需要的货），吐槽并离开,随机选择多个柜台（1~3个随机)闲逛，当逛到最后一个货架时（没有自己需要的货），吐槽并离开,隨機選擇多個櫃臺（1~3個隨機)閑逛，當逛到最後一個貨架時（沒有自己需要的貨），吐槽並離開,
直接走向宠物并观赏，观赏时弹出aitalk，而后购买自己需要的装备。只在观赏宠物时弹aitalk,直接走向宠物并观赏，观赏时弹出aitalk，而后购买自己需要的装备。只在观赏宠物时弹aitalk,直接走向寵物並觀賞，觀賞時彈出aitalk，而後購買自己需要的裝備。只在觀賞寵物時彈aitalk,
条件：店铺内有1宠物+1装饰。顾客先观赏宠物+装饰各1次，然后去到自己购买的货架购买。宠物处会出现1次aitalk,条件：店铺内有1宠物+1装饰。顾客先观赏宠物+装饰各1次，然后去到自己购买的货架购买。宠物处会出现1次aitalk,條件：店鋪內有1寵物+1裝飾。顧客先觀賞寵物+裝飾各1次，然後去到自己購買的貨架購買。寵物處會出現1次aitalk,
有空货架时，行走至空货架附近空地后，站立并停止。,有空货架时，行走至空货架附近空地后，站立并停止。,有空貨架時，行走至空貨架附近空地後，站立並停止。,
常规状态（无视是否有空货架）闲逛后在空地站立并停止。,常规状态（无视是否有空货架）闲逛后在空地站立并停止。,常規狀態（無視是否有空貨架）閑逛後在空地站立並停止。,
店主闲逛后站立行走至空货架旁站立并停止。,店主闲逛后站立行走至空货架旁站立并停止。,店主閑逛後站立行走至空貨架旁站立並停止。,
店主闲逛后站立在空第站立并停止。,店主闲逛后站立在空第站立并停止。,店主閑逛後站立在空第站立並停止。,
店主走到宠物处停留并说话。说完话后原地停留。,店主走到宠物处停留并说话。说完话后原地停留。,店主走到寵物處停留並說話。說完話後原地停留。,
回复生命根据已损失生命按一定百分比回复,回复生命根据已损失生命按一定百分比回复,回復生命根據已損失生命按一定百分比回復,
恢复生命根据生命上限一定百分比回复,恢复生命根据生命上限一定百分比回复,恢復生命根據生命上限一定百分比回復,
击杀回复血量，根据自身已损失血量按一定百分比回复,击杀回复血量，根据自身已损失血量按一定百分比回复,擊殺回復血量，根據自身已損失血量按一定百分比回復,
根据释放者的攻击力提升一定百分比护甲,根据释放者的攻击力提升一定百分比护甲,根據釋放者的攻擊力提升一定百分比護甲,
根据释放者的生命上限提升一定百分比护甲,根据释放者的生命上限提升一定百分比护甲,根據釋放者的生命上限提升一定百分比護甲,
攻击提升一定百分比增加,攻击提升一定百分比增加,攻擊提升一定百分比增加,
根据生命损失的常数增加一定百分比攻击(例~损失血量1000，+1000*0.1=增加攻击值),根据生命损失的常数增加一定百分比攻击(例~损失血量1000，+1000*0.1=增加攻击值),根據生命損失的常數增加一定百分比攻擊(例~損失血量1000，+1000*0.1=增加攻擊值),
根据友方数量，每人增加一定百分比攻击(例~队伍中除自己外有2名队友，每人可以给自己加5%攻击，2*0.05*自身攻击力=增加攻击值),根据友方数量，每人增加一定百分比攻击(例~队伍中除自己外有2名队友，每人可以给自己加5%攻击，2*0.05*自身攻击力=增加攻击值),根據友方數量，每人增加一定百分比攻擊(例~隊伍中除自己外有2名隊友，每人可以給自己加5%攻擊，2*0.05*自身攻擊力=增加攻擊值),
减少一定百分比攻击,减少一定百分比攻击,減少一定百分比攻擊,
护甲增加一定百分比,护甲增加一定百分比,護甲增加一定百分比,
护甲减少一定百分比,护甲减少一定百分比,護甲減少一定百分比,
根据已损失血量的常数，增加一定百分比护甲(例~损失血量1000，+1000*0.1=增加护甲值),根据已损失血量的常数，增加一定百分比护甲(例~损失血量1000，+1000*0.1=增加护甲值),根據已損失血量的常數，增加一定百分比護甲(例~損失血量1000，+1000*0.1=增加護甲值),
根据友方数量，每人增加一定百分比护甲(例~队伍中除自己外有2名队友，每人可以给自己加5%护甲，2*0.05*自身护甲=增加护甲值),根据友方数量，每人增加一定百分比护甲(例~队伍中除自己外有2名队友，每人可以给自己加5%护甲，2*0.05*自身护甲=增加护甲值),根據友方數量，每人增加一定百分比護甲(例~隊伍中除自己外有2名隊友，每人可以給自己加5%護甲，2*0.05*自身護甲=增加護甲值),
暴击值（常数）增加一定百分比,暴击值（常数）增加一定百分比,暴擊值（常數）增加一定百分比,
闪避值（常数）增加一定百分比,闪避值（常数）增加一定百分比,閃避值（常數）增加一定百分比,
命中值（常数）增加一定百分比,命中值（常数）增加一定百分比,命中值（常數）增加一定百分比,
dot伤害/毒性，根据释放方攻击按一定百分比(自身攻击力百分比)扣血,dot伤害/毒性，根据释放方攻击按一定百分比(自身攻击力百分比)扣血,dot傷害/毒性，根據釋放方攻擊按一定百分比(自身攻擊力百分比)扣血,
dot伤害/献祭，根据释放方攻击按一定百分比(自身攻击力百分比)扣血,dot伤害/献祭，根据释放方攻击按一定百分比(自身攻击力百分比)扣血,dot傷害/獻祭，根據釋放方攻擊按一定百分比(自身攻擊力百分比)扣血,
dot伤害/流血，根据释放方攻击按一定百分比(自身攻击力百分比)扣血,dot伤害/流血，根据释放方攻击按一定百分比(自身攻击力百分比)扣血,dot傷害/流血，根據釋放方攻擊按一定百分比(自身攻擊力百分比)扣血,
收到的实际伤害按照一定百分比减少,收到的实际伤害按照一定百分比减少,收到的實際傷害按照一定百分比減少,
吸血，按造成实际伤害的百分比吸血,吸血，按造成实际伤害的百分比吸血,吸血，按造成實際傷害的百分比吸血,
人形怪利刃普攻,人形怪利刃普攻,人形怪利刃普攻,
人形怪钝器普攻,人形怪钝器普攻,人形怪鈍器普攻,
人形怪弓弩普攻,人形怪弓弩普攻,人形怪弓弩普攻,
人形怪手枪普攻,人形怪手枪普攻,人形怪手槍普攻,
人形怪步枪普攻,人形怪步枪普攻,人形怪步槍普攻,
人形怪重武器普攻,人形怪重武器普攻,人形怪重武器普攻,
人形怪狙击枪普攻,人形怪狙击枪普攻,人形怪狙擊槍普攻,
人形怪霰弹枪普攻,人形怪霰弹枪普攻,人形怪霰彈槍普攻,
开启签到对话1,开启签到对话1,開啟簽到對話1,
空手普通攻击,空手普通攻击,空手普通攻擊,
狙击枪类普通攻击,狙击枪类普通攻击,狙擊槍類普通攻擊,
霰弹枪类普通攻击,霰弹枪类普通攻击,霰彈槍類普通攻擊,
人形怪手枪类普攻,人形怪手枪类普攻,人形怪手槍類普攻,
活死人僵尸怪普攻,活死人僵尸怪普攻,活死人僵屍怪普攻,
boss荆棘失控者普攻,boss荆棘失控者普攻,boss荊棘失控者普攻,
人形怪手枪远程群攻,人形怪手枪远程群攻,人形怪手槍遠程群攻,
空手类普通攻击,空手类普通攻击,空手類普通攻擊,
主界面福利按钮,主界面福利按钮,主界面福利按鈕,
主界面商城按钮,主界面商城按钮,主界面商城按鈕,
治疗buff,治疗buff,治療buff,
反甲盾,反甲盾,反甲盾,
护盾,护盾,護盾,
攻击增加,攻击增加,攻擊增加,
攻击减少,攻击减少,攻擊減少,
防御增加,防御增加,防禦增加,
防御减少,防御减少,防禦減少,
攻速增加,攻速增加,攻速增加,
献祭，燃烧，红色的火焰燃烧特效,献祭，燃烧，红色的火焰燃烧特效,獻祭，燃燒，紅色的火焰燃燒特效,
中毒,中毒,中毒,
无敌盾,无敌盾,無敵盾,
眩晕,眩晕,眩暈,
睡眠,睡眠,睡眠,
冰冻特效,冰冻特效,冰凍特效,
通用受击飙血,通用受击飙血,通用受擊飆血,
通用橙色受击飙血,通用橙色受击飙血,通用橙色受擊飆血,
通用红色受击飙血,通用红色受击飙血,通用紅色受擊飆血,
通用紫色受击飙血,通用紫色受击飙血,通用紫色受擊飆血,
蓝色闪电受击麻痹特效,蓝色闪电受击麻痹特效,藍色閃電受擊麻痹特效,
白色利刃横劈刀光,白色利刃横劈刀光,白色利刃橫劈刀光,
蓝色色利刃横劈刀光,蓝色色利刃横劈刀光,藍色色利刃橫劈刀光,
红色色利刃横劈刀光,红色色利刃横劈刀光,紅色色利刃橫劈刀光,
橘黄色竖直刀光,橘黄色竖直刀光,橘黃色豎直刀光,
蓝色竖直刀光,蓝色竖直刀光,藍色豎直刀光,
红色竖直刀光,红色竖直刀光,紅色豎直刀光,
紫色竖直刀光,紫色竖直刀光,紫色豎直刀光,
橘红色捅刺刀光,橘红色捅刺刀光,橘紅色捅刺刀光,
通用弓弩使用特效1-金色,通用弓弩使用特效1-金色,通用弓弩使用特效1-金色,
通用弓弩使用特效2-红色,通用弓弩使用特效2-红色,通用弓弩使用特效2-紅色,
通用弓弩使用特效3-蓝色,通用弓弩使用特效3-蓝色,通用弓弩使用特效3-藍色,
通用飞行道具流光特效3（毒）,通用飞行道具流光特效3（毒）,通用飛行道具流光特效3（毒）,
通用飞行道具流光特效4（火）,通用飞行道具流光特效4（火）,通用飛行道具流光特效4（火）,
蓝色飞行刀气,蓝色飞行刀气,藍色飛行刀氣,
橘红色飞行刀气,橘红色飞行刀气,橘紅色飛行刀氣,
毒子弹,毒子弹,毒子彈,
通用枪械子弹,通用枪械子弹,通用槍械子彈,
冰子弹,冰子弹,冰子彈,
电子弹，魔法球,电子弹，魔法球,電子彈，魔法球,
橘黄色子弹流光效果,橘黄色子弹流光效果,橘黃色子彈流光效果,
冰魔法球，做得不对,冰魔法球，做得不对,冰魔法球，做得不對,
发射特效，做错了,发射特效，做错了,發射特效，做錯了,
橘黄色子弹流光效果-填补错误特效空档,橘黄色子弹流光效果-填补错误特效空档,橘黃色子彈流光效果-填補錯誤特效空檔,
白色，粉色的枪口发射特效,白色，粉色的枪口发射特效,白色，粉色的槍口發射特效,
橘黄色的弹幕效果,橘黄色的弹幕效果,橘黃色的彈幕效果,
通用枪口，弓口冒烟特效,通用枪口，弓口冒烟特效,通用槍口，弓口冒煙特效,
银白色的枪口发射特效,银白色的枪口发射特效,銀白色的槍口發射特效,
黄色枪口发射的中型火花特效，做的细长一些，与大型的射击火花有明显区分,黄色枪口发射的中型火花特效，做的细长一些，与大型的射击火花有明显区分,黃色槍口發射的中型火花特效，做的細長一些，與大型的射擊火花有明顯區分,
白色枪口发射的中型火花特效,白色枪口发射的中型火花特效,白色槍口發射的中型火花特效,
深黄色枪口发射的大型火花特效，比中型的射击火花有明显区分，夸张一些,深黄色枪口发射的大型火花特效，比中型的射击火花有明显区分，夸张一些,深黃色槍口發射的大型火花特效，比中型的射擊火花有明顯區分，誇張一些,
治疗释放,治疗释放,治療釋放,
橘黄色的爆炸效果,橘黄色的爆炸效果,橘黃色的爆炸效果,
橘黄色的蘑菇云型的定点爆发特效,橘黄色的蘑菇云型的定点爆发特效,橘黃色的蘑菇雲型的定點爆發特效,
践踏，地裂特效，有棕褐色的地裂效果,践踏，地裂特效，有棕褐色的地裂效果,踐踏，地裂特效，有棕褐色的地裂效果,
蓝色波纹特效,蓝色波纹特效,藍色波紋特效,
大范围长距离白色刀光刀光,大范围长距离白色刀光刀光,大範圍長距離白色刀光刀光,
粉色或紫色的星星粒子特效,粉色或紫色的星星粒子特效,粉色或紫色的星星粒子特效,
红色的星星粒子特效，攻击提升buff,红色的星星粒子特效，攻击提升buff,紅色的星星粒子特效，攻擊提升buff,
黄色烟雾特效叠加黄色十字粒子效果,黄色烟雾特效叠加黄色十字粒子效果,黃色煙霧特效疊加黃色十字粒子效果,
红色烟雾特效叠加红色十字粒子效果,红色烟雾特效叠加红色十字粒子效果,紅色煙霧特效疊加紅色十字粒子效果,
橘红色直线激光,橘红色直线激光,橘紅色直線激光,
被灼烧的烟雾粒子特效,被灼烧的烟雾粒子特效,被灼燒的煙霧粒子特效,
蓝色聚气,蓝色聚气,藍色聚氣,
绿色聚气特效,绿色聚气特效,綠色聚氣特效,
黄色聚气特效,黄色聚气特效,黃色聚氣特效,
红色群体buff（类似魔法阵）的特效，要多一些科技感或写实感，比如多一些六边形元素或者烟雾效果,红色群体buff（类似魔法阵）的特效，要多一些科技感或写实感，比如多一些六边形元素或者烟雾效果,紅色群體buff（類似魔法陣）的特效，要多一些科技感或寫實感，比如多一些六邊形元素或者煙霧效果,
毒瓶液体爆炸特效,毒瓶液体爆炸特效,毒瓶液體爆炸特效,
蓝色或黄色或银白色的光波特效,蓝色或黄色或银白色的光波特效,藍色或黃色或銀白色的光波特效,
受击特效，颜色与释放特效一致,受击特效，颜色与释放特效一致,受擊特效，顏色與釋放特效一致,
银白色或黄色或红色的爪形特效,银白色或黄色或红色的爪形特效,銀白色或黃色或紅色的爪形特效,
黄色的地雷形状的定点特效,黄色的地雷形状的定点特效,黃色的地雷形狀的定點特效,
黄色沙尘粒子特效,黄色沙尘粒子特效,黃色沙塵粒子特效,
黄褐色的大型群体烟雾效果,黄褐色的大型群体烟雾效果,黃褐色的大型群體煙霧效果,
大一些黄色星星受击特效,大一些黄色星星受击特效,大一些黃色星星受擊特效,
从上到下的黄色闪电,从上到下的黄色闪电,從上到下的黃色閃電,
燃烧,燃烧,燃燒,
白色爆发特效,白色爆发特效,白色爆發特效,
怒气值满时，战斗界面的卡牌周边会冒出火焰,怒气值满时，战斗界面的卡牌周边会冒出火焰,怒氣值滿時，戰鬥界面的卡牌周邊會冒出火焰,
获得奖励，奖励道具的后面有光效和星星四散开的效果,获得奖励，奖励道具的后面有光效和星星四散开的效果,獲得獎勵，獎勵道具的後面有光效和星星四散開的效果,
获得奖励，播放完道具后面的光效爆炸和星星四散开的特效后，道具后面需要循环播放转圈的金光特效,获得奖励，播放完道具后面的光效爆炸和星星四散开的特效后，道具后面需要循环播放转圈的金光特效,獲得獎勵，播放完道具後面的光效爆炸和星星四散開的特效後，道具後面需要循環播放轉圈的金光特效,
获得奖励后，高品质后面会有一个绿色（颜色我们可调）光晕效果，光晕中会有绿色（颜色我们可调）的粒子往外随机飞散，特效为循环播放的,获得奖励后，高品质后面会有一个绿色（颜色我们可调）光晕效果，光晕中会有绿色（颜色我们可调）的粒子往外随机飞散，特效为循环播放的,獲得獎勵後，高品質後面會有一個綠色（顏色我們可調）光暈效果，光暈中會有綠色（顏色我們可調）的粒子往外隨機飛散，特效為循環播放的,
获得道具背景特效,获得道具背景特效,獲得道具背景特效,
向上飞的黄色粒子特效，怒气满时的特效,向上飞的黄色粒子特效，怒气满时的特效,向上飛的黃色粒子特效，怒氣滿時的特效,
获得道具的拖尾星星特效,获得道具的拖尾星星特效,獲得道具的拖尾星星特效,
制造流光特效,制造流光特效,製造流光特效,
进度条粒子特效,进度条粒子特效,進度條粒子特效,
家具升级特效,家具升级特效,家具升級特效,
场景黑烟特效,场景黑烟特效,場景黑煙特效,
空点击,空点击,空點擊,
引导点击特效,引导点击特效,引導點擊特效,
场景火焰特效,场景火焰特效,場景火焰特效,
蓝色子弹特效,蓝色子弹特效,藍色子彈特效,
绿色子弹特效,绿色子弹特效,綠色子彈特效,
大范围群体治疗特效,大范围群体治疗特效,大範圍群體治療特效,
职业技能聚气特效,职业技能聚气特效,職業技能聚氣特效,
蓝色聚气特效,蓝色聚气特效,藍色聚氣特效,
蓝色打击特效,蓝色打击特效,藍色打擊特效,
绿色打击特效,绿色打击特效,綠色打擊特效,
红色打击特效,红色打击特效,紅色打擊特效,
绿色刀光,绿色刀光,綠色刀光,
红色刀光,红色刀光,紅色刀光,
收取装备特效,收取装备特效,收取裝備特效,
空拳攻击特效,空拳攻击特效,空拳攻擊特效,
利刃攻击特效,利刃攻击特效,利刃攻擊特效,
棍棒攻击特效,棍棒攻击特效,棍棒攻擊特效,
弓箭攻击特效,弓箭攻击特效,弓箭攻擊特效,
手枪攻击特效,手枪攻击特效,手槍攻擊特效,
步枪攻击特效,步枪攻击特效,步槍攻擊特效,
霰弹枪攻击特效,霰弹枪攻击特效,霰彈槍攻擊特效,
狙击枪攻击特效,狙击枪攻击特效,狙擊槍攻擊特效,
重机枪攻击特效,重机枪攻击特效,重機槍攻擊特效,
空拳击中特效,空拳击中特效,空拳擊中特效,
利刃击中特效,利刃击中特效,利刃擊中特效,
棍棒击中特效,棍棒击中特效,棍棒擊中特效,
弓箭击中特效,弓箭击中特效,弓箭擊中特效,
手枪击中特效,手枪击中特效,手槍擊中特效,
步枪击中特效,步枪击中特效,步槍擊中特效,
霰弹枪击中特效,霰弹枪击中特效,霰彈槍擊中特效,
狙击枪击中特效,狙击枪击中特效,狙擊槍擊中特效,
重机枪击中特效,重机枪击中特效,重機槍擊中特效,
普通怪物空手攻击特效,普通怪物空手攻击特效,普通怪物空手攻擊特效,
BOSS怪空手攻击特效,BOSS怪空手攻击特效,BOSS怪空手攻擊特效,
BOSS怪释放技能特效,BOSS怪释放技能特效,BOSS怪釋放技能特效,
BOSS技能群体受击特效,BOSS技能群体受击特效,BOSS技能群體受擊特效,
钻石,钻石,鉆石,
费欧娜,费欧娜,費歐娜,
转盘开启等级,转盘开启等级,轉盤開啟等級,
市场开启等级,市场开启等级,市場開啟等級,
转盘最小稀有格子数量（普通+稀有+超稀有总数为18）,转盘最小稀有格子数量（普通+稀有+超稀有总数为18）,轉盤最小稀有格子數量（普通+稀有+超稀有總數為18）,
转盘最大稀有格子数量（普通+稀有+超稀有总数为18）,转盘最大稀有格子数量（普通+稀有+超稀有总数为18）,轉盤最大稀有格子數量（普通+稀有+超稀有總數為18）,
转盘最小超稀有格子数量（普通+稀有+超稀有总数为18）,转盘最小超稀有格子数量（普通+稀有+超稀有总数为18）,轉盤最小超稀有格子數量（普通+稀有+超稀有總數為18）,
转盘最大超稀有格子数量（普通+稀有+超稀有总数为18）,转盘最大超稀有格子数量（普通+稀有+超稀有总数为18）,轉盤最大超稀有格子數量（普通+稀有+超稀有總數為18）,
转盘免费抽取间隔时间（秒）,转盘免费抽取间隔时间（秒）,轉盤免費抽取間隔時間（秒）,
转盘重置价格/钻石,转盘重置价格/钻石,轉盤重置價格/鉆石,
转盘重置价格上涨倍率/100（需要向上取整）,转盘重置价格上涨倍率/100（需要向上取整）,轉盤重置價格上漲倍率/100（需要向上取整）,
重置封顶价格/钻石,重置封顶价格/钻石,重置封頂價格/鉆石,
转盘单次抽取价格/钻石,转盘单次抽取价格/钻石,轉盤單次抽取價格/鉆石,
转盘十连抽价格/钻石,转盘十连抽价格/钻石,轉盤十連抽價格/鉆石,
转盘十连抽消耗道具数量,转盘十连抽消耗道具数量,轉盤十連抽消耗道具數量,
转盘超稀有抽取全服记录累计数量,转盘超稀有抽取全服记录累计数量,轉盤超稀有抽取全服記錄累計數量,
转盘-自己的抽取记录条数,转盘-自己的抽取记录条数,轉盤-自己的抽取記錄條數,
顾客角色移动速度,顾客角色移动速度,顧客角色移動速度,
场景上扩建按钮显示等级,场景上扩建按钮显示等级,場景上擴建按鈕顯示等級,
买卖后自动弹出下个顾客的买卖界面需要店主等级（为了避免跟引导冲突）,买卖后自动弹出下个顾客的买卖界面需要店主等级（为了避免跟引导冲突）,買賣後自動彈出下個顧客的買賣界面需要店主等級（為了避免跟引導沖突）,
邮件问题上报发送间隔时间/秒,邮件问题上报发送间隔时间/秒,郵件問題上報發送間隔時間/秒,
顾客前来卖装备的等级，多少级前不出现,顾客前来卖装备的等级，多少级前不出现,顧客前來賣裝備的等級，多少級前不出現,
闲聊成功计算百分比,闲聊成功计算百分比,閑聊成功計算百分比,
闲聊失败计算百分比,闲聊失败计算百分比,閑聊失敗計算百分比,
商店扩建等级上限,商店扩建等级上限,商店擴建等級上限,
礼包商城开启等级,礼包商城开启等级,禮包商城開啟等級,
在线领奖显示等级,在线领奖显示等级,在線領獎顯示等級,
创角镜头移动动画,创角镜头移动动画,創角鏡頭移動動畫,
创角开关-包含世界观剧情（0-关闭/1开启）,创角开关-包含世界观剧情（0-关闭/1开启）,創角開關-包含世界觀劇情（0-關閉/1開啟）,
新手引导（0-关闭新手引导/1开启新手引导）,新手引导（0-关闭新手引导/1开启新手引导）,新手引導（0-關閉新手引導/1開啟新手引導）,
公会创建花费新币数量,公会创建花费新币数量,公會創建花費新幣數量,
公会创建花费金条数量,公会创建花费金条数量,公會創建花費金條數量,
公会开启等级,公会开启等级,公會開啟等級,
主界面每日任务按钮开启等级,主界面每日任务按钮开启等级,主界面每日任務按鈕開啟等級,
交易所是否开启回收机制0：不开—1：开启,交易所是否开启回收机制0：不开—1：开启,交易所是否開啟回收機製0：不開—1：開啟,
七日目标（大亨之路）显示等级,七日目标（大亨之路）显示等级,七日目標（大亨之路）顯示等級,
签到开启等级,签到开启等级,簽到開啟等級,
聊天开启等级,聊天开启等级,聊天開啟等級,
储蓄罐开启等级,储蓄罐开启等级,儲蓄罐開啟等級,
白色品质装备损毁概率（X/10000）,白色品质装备损毁概率（X/10000）,白色品質裝備損毀概率（X/10000）,
绿色品质装备损毁概率（X/10000）,绿色品质装备损毁概率（X/10000）,綠色品質裝備損毀概率（X/10000）,
蓝色品质装备损毁概率（X/10000）,蓝色品质装备损毁概率（X/10000）,藍色品質裝備損毀概率（X/10000）,
紫色品质装备损毁概率（X/10000）,紫色品质装备损毁概率（X/10000）,紫色品質裝備損毀概率（X/10000）,
橙色品质装备损毁概率（X/10000）,橙色品质装备损毁概率（X/10000）,橙色品質裝備損毀概率（X/10000）,
装备在店主多少级以前不破损,装备在店主多少级以前不破损,裝備在店主多少級以前不破損,
买卖界面补货按钮显示等级,买卖界面补货按钮显示等级,買賣界面補貨按鈕顯示等級,
主界面绑定按钮显示等级,主界面绑定按钮显示等级,主界面綁定按鈕顯示等級,
语言切换按钮是否可以点击-0-不可点击，1-可以点击,语言切换按钮是否可以点击-0-不可点击，1-可以点击,語言切換按鈕是否可以點擊-0-不可點擊，1-可以點擊,
商城界面每日特惠标签显示等级,商城界面每日特惠标签显示等级,商城界面每日特惠標簽顯示等級,
活跃度上限,活跃度上限,活躍度上限,
BUFF活动解锁等级,BUFF活动解锁等级,BUFF活動解鎖等級,
市场装备堆叠上限初始值,市场装备堆叠上限初始值,市場裝備堆疊上限初始值,
市场材料堆叠上限初始值,市场材料堆叠上限初始值,市場材料堆疊上限初始值,
市场使用金条挂售/求购/看到其它用户的金条挂单需要完成的成就ID,市场使用金条挂售/求购/看到其它用户的金条挂单需要完成的成就ID,市場使用金條掛售/求購/看到其它用戶的金條掛單需要完成的成就ID,
主线任务多少级以后不再出现手指显示,主线任务多少级以后不再出现手指显示,主線任務多少級以後不再出現手指顯示,
主线任务手指在未操作多少秒后出现,主线任务手指在未操作多少秒后出现,主線任務手指在未操作多少秒後出現,
制作界面上面标签栏显示需要装备解锁小类型达到数量（与163满足任意一个就显示）,制作界面上面标签栏显示需要装备解锁小类型达到数量（与163满足任意一个就显示）,製作界面上面標簽欄顯示需要裝備解鎖小類型達到數量（與163滿足任意一個就顯示）,
制作界面上面标签栏显示需要店主达到等级（与163满足任意一个就显示）,制作界面上面标签栏显示需要店主达到等级（与163满足任意一个就显示）,製作界面上面標簽欄顯示需要店主達到等級（與163滿足任意一個就顯示）,
主线任务是否开启-0~不开启-1~开启,主线任务是否开启-0~不开启-1~开启,主線任務是否開啟-0~不開啟-1~開啟,
停留主界面不打开其它界面的手指提醒间隔时间/S,停留主界面不打开其它界面的手指提醒间隔时间/S,停留主界面不打開其它界面的手指提醒間隔時間/S,
停留主界面不打开其它界面的手指提醒在店主多少级后不显示,停留主界面不打开其它界面的手指提醒在店主多少级后不显示,停留主界面不打開其它界面的手指提醒在店主多少級後不顯示,
宠物系统开启等级,宠物系统开启等级,寵物系統開啟等級,
宠物系统喂养冷却时间（秒）,宠物系统喂养冷却时间（秒）,寵物系統餵養冷卻時間（秒）,
免费喂养宠物获得成长点,免费喂养宠物获得成长点,免費餵養寵物獲得成長點,
新币喂养宠物获得成长点,新币喂养宠物获得成长点,新幣餵養寵物獲得成長點,
金条喂养宠物获得成长点,金条喂养宠物获得成长点,金條餵養寵物獲得成長點,
城市可投资提示在店主多少级后不显示,城市可投资提示在店主多少级后不显示,城市可投資提示在店主多少級後不顯示,
等待招募工匠是否在商店外显示0-关闭/1-开启,等待招募工匠是否在商店外显示0-关闭/1-开启,等待招募工匠是否在商店外顯示0-關閉/1-開啟,
门口工匠说话间隔/秒,门口工匠说话间隔/秒,門口工匠說話間隔/秒,
门口工匠说话气泡时间/秒,门口工匠说话气泡时间/秒,門口工匠說話氣泡時間/秒,
豪华度入口开启等级,豪华度入口开启等级,豪華度入口開啟等級,
广告观看间隔时间/秒,广告观看间隔时间/秒,廣告觀看間隔時間/秒,
改名花费金条数,改名花费金条数,改名花費金條數,
生命值战力计算系数,生命值战力计算系数,生命值戰力計算系數,
攻击力战力计算系数,攻击力战力计算系数,攻擊力戰力計算系數,
护甲战力计算系数,护甲战力计算系数,護甲戰力計算系數,
攻速战力计算系数,攻速战力计算系数,攻速戰力計算系數,
命中战力计算系数,命中战力计算系数,命中戰力計算系數,
闪避战力计算系数,闪避战力计算系数,閃避戰力計算系數,
暴击战力计算系数,暴击战力计算系数,暴擊戰力計算系數,
韧性战力计算系数,韧性战力计算系数,韌性戰力計算系數,
穿刺伤害战力计算系数,穿刺伤害战力计算系数,穿刺傷害戰力計算系數,
燃烧伤害战力计算系数,燃烧伤害战力计算系数,燃燒傷害戰力計算系數,
精神伤害战力计算系数,精神伤害战力计算系数,精神傷害戰力計算系數,
电击伤害战力计算系数,电击伤害战力计算系数,電擊傷害戰力計算系數,
辐射伤害战力计算系数,辐射伤害战力计算系数,輻射傷害戰力計算系數,
穿刺抗性战力计算系数,穿刺抗性战力计算系数,穿刺抗性戰力計算系數,
燃烧抗性战力计算系数,燃烧抗性战力计算系数,燃燒抗性戰力計算系數,
精神抗性战力计算系数,精神抗性战力计算系数,精神抗性戰力計算系數,
电击抗性战力计算系数,电击抗性战力计算系数,電擊抗性戰力計算系數,
辐射抗性战力计算系数,辐射抗性战力计算系数,輻射抗性戰力計算系數,
绿色资质（11-20）基础属性系数,绿色资质（11-20）基础属性系数,綠色資質（11-20）基礎屬性系數,
蓝色资质（21-30）基础属性系数,蓝色资质（21-30）基础属性系数,藍色資質（21-30）基礎屬性系數,
紫色资质（31-40）基础属性系数,紫色资质（31-40）基础属性系数,紫色資質（31-40）基礎屬性系數,
橙色资质（41-50）基础属性系数,橙色资质（41-50）基础属性系数,橙色資質（41-50）基礎屬性系數,
基础属性计算公式参数——n1,基础属性计算公式参数——n1,基礎屬性計算公式參數——n1,
基础属性计算公式参数——n2,基础属性计算公式参数——n2,基礎屬性計算公式參數——n2,
基础属性计算公式参数——n3,基础属性计算公式参数——n3,基礎屬性計算公式參數——n3,
基础属性计算公式参数——n4,基础属性计算公式参数——n4,基礎屬性計算公式參數——n4,
基础属性计算公式参数——m1,基础属性计算公式参数——m1,基礎屬性計算公式參數——m1,
基础属性计算公式参数——m2,基础属性计算公式参数——m2,基礎屬性計算公式參數——m2,
基础属性计算公式参数——m3,基础属性计算公式参数——m3,基礎屬性計算公式參數——m3,
基础属性计算公式参数——m4,基础属性计算公式参数——m4,基礎屬性計算公式參數——m4,
基础属性计算公式参数——w1,基础属性计算公式参数——w1,基礎屬性計算公式參數——w1,
副本战力与队伍战力对比百分比-A（队伍战力/副本战力*100≥A）,副本战力与队伍战力对比百分比-A（队伍战力/副本战力*100≥A）,副本戰力與隊伍戰力對比百分比-A（隊伍戰力/副本戰力*100≥A）,
战力对比-A（英雄造成伤害加成系数）——造成最终伤害*该系数,战力对比-A（英雄造成伤害加成系数）——造成最终伤害*该系数,戰力對比-A（英雄造成傷害加成系數）——造成最終傷害*該系數,
战力对比-A（英雄受到伤害加成系数）——受到最终伤害*该系数,战力对比-A（英雄受到伤害加成系数）——受到最终伤害*该系数,戰力對比-A（英雄受到傷害加成系數）——受到最終傷害*該系數,
副本战力与队伍战力对比百分比-B（队伍战力/副本战力*100≥B＜A）,副本战力与队伍战力对比百分比-B（队伍战力/副本战力*100≥B＜A）,副本戰力與隊伍戰力對比百分比-B（隊伍戰力/副本戰力*100≥B＜A）,
战力对比-B（英雄造成伤害加成系数）——造成最终伤害*该系数,战力对比-B（英雄造成伤害加成系数）——造成最终伤害*该系数,戰力對比-B（英雄造成傷害加成系數）——造成最終傷害*該系數,
战力对比-B（英雄受到伤害加成系数）——受到最终伤害*该系数,战力对比-B（英雄受到伤害加成系数）——受到最终伤害*该系数,戰力對比-B（英雄受到傷害加成系數）——受到最終傷害*該系數,
副本战力与队伍战力对比百分比-C（队伍战力/副本战力*100≥C＜B）,副本战力与队伍战力对比百分比-C（队伍战力/副本战力*100≥C＜B）,副本戰力與隊伍戰力對比百分比-C（隊伍戰力/副本戰力*100≥C＜B）,
战力对比-C（英雄造成伤害加成系数）——造成最终伤害*该系数,战力对比-C（英雄造成伤害加成系数）——造成最终伤害*该系数,戰力對比-C（英雄造成傷害加成系數）——造成最終傷害*該系數,
战力对比-C（英雄受到伤害加成系数）——受到最终伤害*该系数,战力对比-C（英雄受到伤害加成系数）——受到最终伤害*该系数,戰力對比-C（英雄受到傷害加成系數）——受到最終傷害*該系數,
副本战力与队伍战力对比百分比-D（队伍战力/副本战力*100≥D＜C）,副本战力与队伍战力对比百分比-D（队伍战力/副本战力*100≥D＜C）,副本戰力與隊伍戰力對比百分比-D（隊伍戰力/副本戰力*100≥D＜C）,
战力对比-D（英雄造成伤害加成系数）——造成最终伤害*该系数,战力对比-D（英雄造成伤害加成系数）——造成最终伤害*该系数,戰力對比-D（英雄造成傷害加成系數）——造成最終傷害*該系數,
战力对比-D（英雄受到伤害加成系数）——受到最终伤害*该系数,战力对比-D（英雄受到伤害加成系数）——受到最终伤害*该系数,戰力對比-D（英雄受到傷害加成系數）——受到最終傷害*該系數,
副本战力与队伍战力对比百分比-E（队伍战力/副本战力*100≥E＜D）,副本战力与队伍战力对比百分比-E（队伍战力/副本战力*100≥E＜D）,副本戰力與隊伍戰力對比百分比-E（隊伍戰力/副本戰力*100≥E＜D）,
战力对比-E（英雄造成伤害加成系数）——造成最终伤害*该系数,战力对比-E（英雄造成伤害加成系数）——造成最终伤害*该系数,戰力對比-E（英雄造成傷害加成系數）——造成最終傷害*該系數,
战力对比-E（英雄受到伤害加成系数）——受到最终伤害*该系数,战力对比-E（英雄受到伤害加成系数）——受到最终伤害*该系数,戰力對比-E（英雄受到傷害加成系數）——受到最終傷害*該系數,
N英雄-绿色资质下限,N英雄-绿色资质下限,N英雄-綠色資質下限,
N英雄-绿色资质上限,N英雄-绿色资质上限,N英雄-綠色資質上限,
R英雄-蓝色资质下限,R英雄-蓝色资质下限,R英雄-藍色資質下限,
R英雄-蓝色资质上限,R英雄-蓝色资质上限,R英雄-藍色資質上限,
SR英雄-紫色资质下限,SR英雄-紫色资质下限,SR英雄-紫色資質下限,
SR英雄-紫色资质上限,SR英雄-紫色资质上限,SR英雄-紫色資質上限,
SSR英雄-橙色资质下限,SSR英雄-橙色资质下限,SSR英雄-橙色資質下限,
SSR英雄-橙色资质上限,SSR英雄-橙色资质上限,SSR英雄-橙色資質上限,
酒馆招募刷新（举办宴会）免费间隔时间（秒）,酒馆招募刷新（举办宴会）免费间隔时间（秒）,酒館招募刷新（舉辦宴會）免費間隔時間（秒）,
酒馆招募刷新（举办宴会）价格/钻石,酒馆招募刷新（举办宴会）价格/钻石,酒館招募刷新（舉辦宴會）價格/鉆石,
酒馆招募刷新价格上涨倍率/100（需要向上取整）,酒馆招募刷新价格上涨倍率/100（需要向上取整）,酒館招募刷新價格上漲倍率/100（需要向上取整）,
酒馆招募刷新封顶价格/钻石,酒馆招募刷新封顶价格/钻石,酒館招募刷新封頂價格/鉆石,
酒馆招募必出超稀有次数（仅用于前端展示，实际以招募概率为准）,酒馆招募必出超稀有次数（仅用于前端展示，实际以招募概率为准）,酒館招募必出超稀有次數（僅用於前端展示，實際以招募概率為準）,
酒吧刷新英雄是否开启每日首次免费（1-开启/0-关闭）,酒吧刷新英雄是否开启每日首次免费（1-开启/0-关闭）,酒吧刷新英雄是否開啟每日首次免費（1-開啟/0-關閉）,
每日任务显示上限数量,每日任务显示上限数量,每日任務顯示上限數量,
每日任务数量上限,每日任务数量上限,每日任務數量上限,
每日任务刷新次数上限,每日任务刷新次数上限,每日任務刷新次數上限,
每日任务刷新间隔时间/秒,每日任务刷新间隔时间/秒,每日任務刷新間隔時間/秒,
每日任务出现新任务间隔时间/秒,每日任务出现新任务间隔时间/秒,每日任務出現新任務間隔時間/秒,
巧匠大赛兑换冷却时间/秒,巧匠大赛兑换冷却时间/秒,巧匠大賽兌換冷卻時間/秒,
巧匠大赛兑换刷新花费代币数量,巧匠大赛兑换刷新花费代币数量,巧匠大賽兌換刷新花費代幣數量,
巧匠大赛每日领取代币数量,巧匠大赛每日领取代币数量,巧匠大賽每日領取代幣數量,
巧匠大赛入口显示等级,巧匠大赛入口显示等级,巧匠大賽入口顯示等級,
失陷避难所活动入口显示等级,失陷避难所活动入口显示等级,失陷避難所活動入口顯示等級,
成长礼包开启等级,成长礼包开启等级,成長禮包開啟等級,
排行榜主界面显示所需店主等级,排行榜主界面显示所需店主等级,排行榜主界面顯示所需店主等級,
排行榜主界面入口隐藏所需店主等级,排行榜主界面入口隐藏所需店主等级,排行榜主界面入口隱藏所需店主等級,
主界面福利按钮解锁等级（或满足ui_unlock条件）,主界面福利按钮解锁等级（或满足ui_unlock条件）,主界面福利按鈕解鎖等級（或滿足ui_unlock條件）,
宝箱开启获得普通奖励数量,宝箱开启获得普通奖励数量,寶箱開啟獲得普通獎勵數量,
宝箱开启获得稀有或超稀有数量,宝箱开启获得稀有或超稀有数量,寶箱開啟獲得稀有或超稀有數量,
宝箱钻石开启获得额外稀有或超稀有数量,宝箱钻石开启获得额外稀有或超稀有数量,寶箱鉆石開啟獲得額外稀有或超稀有數量,
宝箱功能开启等级,宝箱功能开启等级,寶箱功能開啟等級,
自定义装扮开放等级,自定义装扮开放等级,自定義裝扮開放等級,
探索单英雄战力/建议战力*1000少于该值为红脸,探索单英雄战力/建议战力*1000少于该值为红脸,探索單英雄戰力/建議戰力*1000少於該值為紅臉,
探索单英雄战力/建议战力*1000少于该值大于id为405的值为黄脸,探索单英雄战力/建议战力*1000少于该值大于id为405的值为黄脸,探索單英雄戰力/建議戰力*1000少於該值大於id為405的值為黃臉,
探索单英雄战力/建议战力*1000大于该值为绿脸,探索单英雄战力/建议战力*1000大于该值为绿脸,探索單英雄戰力/建議戰力*1000大於該值為綠臉,
探索队伍战力/建议队伍战力*1000少于该值为，队伍上限为红脸,探索队伍战力/建议队伍战力*1000少于该值为，队伍上限为红脸,探索隊伍戰力/建議隊伍戰力*1000少於該值為，隊伍上限為紅臉,
探索队伍战力/建议队伍战力*1000少于该值大于id为405的值，队伍上限为黄脸,探索队伍战力/建议队伍战力*1000少于该值大于id为405的值，队伍上限为黄脸,探索隊伍戰力/建議隊伍戰力*1000少於該值大於id為405的值，隊伍上限為黃臉,
探索队伍战力/建议队伍战力*1000大于该值，队伍上限为绿脸,探索队伍战力/建议队伍战力*1000大于该值，队伍上限为绿脸,探索隊伍戰力/建議隊伍戰力*1000大於該值，隊伍上限為綠臉,
制造装备与冒险加速花费金条的公式分水线~y（分钟）,制造装备与冒险加速花费金条的公式分水线~y（分钟）,製造裝備與冒險加速花費金條的公式分水線~y（分鐘）,
制造装备与冒险加速花费金条~参数a1,制造装备与冒险加速花费金条~参数a1,製造裝備與冒險加速花費金條~參數a1,
制造装备与冒险加速花费金条~参数a2,制造装备与冒险加速花费金条~参数a2,製造裝備與冒險加速花費金條~參數a2,
制造装备与冒险加速花费金条~参数a3,制造装备与冒险加速花费金条~参数a3,製造裝備與冒險加速花費金條~參數a3,
制造装备与冒险加速花费金条~参数b1,制造装备与冒险加速花费金条~参数b1,製造裝備與冒險加速花費金條~參數b1,
制造装备与冒险加速花费金条~参数b2,制造装备与冒险加速花费金条~参数b2,製造裝備與冒險加速花費金條~參數b2,
制造装备与冒险加速花费金条~参数b3,制造装备与冒险加速花费金条~参数b3,製造裝備與冒險加速花費金條~參數b3,
制造装备与冒险加速花费金条~参数b4,制造装备与冒险加速花费金条~参数b4,製造裝備與冒險加速花費金條~參數b4,
制造装备与冒险加速花费最少金条~y1,制造装备与冒险加速花费最少金条~y1,製造裝備與冒險加速花費最少金條~y1,
家具升级花费金条加速~参数c1,家具升级花费金条加速~参数c1,家具升級花費金條加速~參數c1,
家具升级花费金条加速~参数c2,家具升级花费金条加速~参数c2,家具升級花費金條加速~參數c2,
家具升级花费金条加速最少金条~y2,家具升级花费金条加速最少金条~y2,家具升級花費金條加速最少金條~y2,
英雄加速恢复花费金条~参数d1,英雄加速恢复花费金条~参数d1,英雄加速恢復花費金條~參數d1,
英雄加速恢复花费金条~参数d2,英雄加速恢复花费金条~参数d2,英雄加速恢復花費金條~參數d2,
英雄加速恢复花费金条~~参数d3,英雄加速恢复花费金条~~参数d3,英雄加速恢復花費金條~~參數d3,
英雄加速恢复花费最少金条~y3,英雄加速恢复花费最少金条~y3,英雄加速恢復花費最少金條~y3,
材料补充花费公式参数Z1,材料补充花费公式参数Z1,材料補充花費公式參數Z1,
材料补充花费公式参数Z2,材料补充花费公式参数Z2,材料補充花費公式參數Z2,
成功攻击一次敌人获得20点怒气。注：技能范围攻击多个敌人只能获得20点怒气，连击等多次攻击按照一次成功攻击来计算,成功攻击一次敌人获得20点怒气。注：技能范围攻击多个敌人只能获得20点怒气，连击等多次攻击按照一次成功攻击来计算,成功攻擊一次敵人獲得20點怒氣。註：技能範圍攻擊多個敵人只能獲得20點怒氣，連擊等多次攻擊按照一次成功攻擊來計算,
被敌方普通攻击一次获得5点怒气,被敌方普通攻击一次获得5点怒气,被敵方普通攻擊一次獲得5點怒氣,
被敌方技能攻击一次获得0点怒气（参数可调）,被敌方技能攻击一次获得0点怒气（参数可调）,被敵方技能攻擊一次獲得0點怒氣（參數可調）,
怒气上限,怒气上限,怒氣上限,
暴击伤害系数,暴击伤害系数,暴擊傷害系數,
进入搏命状态的前置回合,进入搏命状态的前置回合,進入搏命狀態的前置回合,
搏命状态攻击力变成5倍,搏命状态攻击力变成5倍,搏命狀態攻擊力變成5倍,
搏命状态命中率变成100%,搏命状态命中率变成100%,搏命狀態命中率變成100%,
1号位置速度加成,1号位置速度加成,1號位置速度加成,
2号位置速度加成,2号位置速度加成,2號位置速度加成,
3号位置速度加成,3号位置速度加成,3號位置速度加成,
4号位置速度加成,4号位置速度加成,4號位置速度加成,
5号位置速度加成,5号位置速度加成,5號位置速度加成,
战斗的保底伤害,战斗的保底伤害,戰鬥的保底傷害,
垃圾刷新时间（s）,垃圾刷新时间（s）,垃圾刷新時間（s）,
垃圾每天刷新上限,垃圾每天刷新上限,垃圾每天刷新上限,
同时存在垃圾上限,同时存在垃圾上限,同時存在垃圾上限,
顾客是否去看装饰家具的百分比,顾客是否去看装饰家具的百分比,顧客是否去看裝飾家具的百分比,
观赏装饰家居的顾客冷却时间,观赏装饰家居的顾客冷却时间,觀賞裝飾家居的顧客冷卻時間,
店主站立最低持续时间（秒）,店主站立最低持续时间（秒）,店主站立最低持續時間（秒）,
店主站立最高持续时间（秒）,店主站立最高持续时间（秒）,店主站立最高持續時間（秒）,
顾客观赏停止时间,顾客观赏停止时间,顧客觀賞停止時間,
无法抵达目标货架的情况直接前往柜台需要商品的概率,无法抵达目标货架的情况直接前往柜台需要商品的概率,無法抵達目標貨架的情況直接前往櫃臺需要商品的概率,
免费赠送的英雄格子,免费赠送的英雄格子,免費贈送的英雄格子,
刷新路人的时间间隔,刷新路人的时间间隔,刷新路人的時間間隔,
刷新路人的位置,刷新路人的位置,刷新路人的位置,
捡垃圾的开放等级,捡垃圾的开放等级,撿垃圾的開放等級,
宝箱1装备获取概率显示文字,宝箱1装备获取概率显示文字,寶箱1裝備獲取概率顯示文字,
宝箱1材料获取概率显示文字,宝箱1材料获取概率显示文字,寶箱1材料獲取概率顯示文字,
宝箱1消耗道具获取概率显示文字,宝箱1消耗道具获取概率显示文字,寶箱1消耗道具獲取概率顯示文字,
宝箱1稀有道具获取概率显示文字,宝箱1稀有道具获取概率显示文字,寶箱1稀有道具獲取概率顯示文字,
宝箱1专属图纸获取概率显示文字,宝箱1专属图纸获取概率显示文字,寶箱1專屬圖紙獲取概率顯示文字,
宝箱2装备获取概率显示文字,宝箱2装备获取概率显示文字,寶箱2裝備獲取概率顯示文字,
宝箱2材料获取概率显示文字,宝箱2材料获取概率显示文字,寶箱2材料獲取概率顯示文字,
宝箱2消耗道具获取概率显示文字,宝箱2消耗道具获取概率显示文字,寶箱2消耗道具獲取概率顯示文字,
宝箱2稀有道具获取概率显示文字,宝箱2稀有道具获取概率显示文字,寶箱2稀有道具獲取概率顯示文字,
宝箱2专属图纸获取概率显示文字,宝箱2专属图纸获取概率显示文字,寶箱2專屬圖紙獲取概率顯示文字,
宝箱3装备获取概率显示文字,宝箱3装备获取概率显示文字,寶箱3裝備獲取概率顯示文字,
宝箱3材料获取概率显示文字,宝箱3材料获取概率显示文字,寶箱3材料獲取概率顯示文字,
宝箱3消耗道具获取概率显示文字,宝箱3消耗道具获取概率显示文字,寶箱3消耗道具獲取概率顯示文字,
宝箱3稀有道具获取概率显示文字,宝箱3稀有道具获取概率显示文字,寶箱3稀有道具獲取概率顯示文字,
宝箱3专属图纸获取概率显示文字,宝箱3专属图纸获取概率显示文字,寶箱3專屬圖紙獲取概率顯示文字,
宝箱4装备获取概率显示文字,宝箱4装备获取概率显示文字,寶箱4裝備獲取概率顯示文字,
宝箱4材料获取概率显示文字,宝箱4材料获取概率显示文字,寶箱4材料獲取概率顯示文字,
宝箱4消耗道具获取概率显示文字,宝箱4消耗道具获取概率显示文字,寶箱4消耗道具獲取概率顯示文字,
宝箱4稀有道具获取概率显示文字,宝箱4稀有道具获取概率显示文字,寶箱4稀有道具獲取概率顯示文字,
宝箱4专属图纸获取概率显示文字,宝箱4专属图纸获取概率显示文字,寶箱4專屬圖紙獲取概率顯示文字,
宝箱5装备获取概率显示文字,宝箱5装备获取概率显示文字,寶箱5裝備獲取概率顯示文字,
宝箱5材料获取概率显示文字,宝箱5材料获取概率显示文字,寶箱5材料獲取概率顯示文字,
宝箱5消耗道具获取概率显示文字,宝箱5消耗道具获取概率显示文字,寶箱5消耗道具獲取概率顯示文字,
宝箱5稀有道具获取概率显示文字,宝箱5稀有道具获取概率显示文字,寶箱5稀有道具獲取概率顯示文字,
宝箱5专属图纸获取概率显示文字,宝箱5专属图纸获取概率显示文字,寶箱5專屬圖紙獲取概率顯示文字,
市场回收每日上限总数（个）,市场回收每日上限总数（个）,市場回收每日上限總數（個）,
公会信息变更数目上限,公会信息变更数目上限,公會信息變更數目上限,
秒数，区间边界数值,秒数，区间边界数值,秒數，區間邊界數值,
532800s以上，加速增益（532800s，----),532800s以上，加速增益（532800s，----),532800s以上，加速增益（532800s，----),
316800s到532800s之间的加速增益（316800s，532800s),316800s到532800s之间的加速增益（316800s，532800s),316800s到532800s之間的加速增益（316800s，532800s),
100800s到316800s之间的加速增益（100800s，316800s),100800s到316800s之间的加速增益（100800s，316800s),100800s到316800s之間的加速增益（100800s，316800s),
21600s到100800s之间的加速增益（21600s，100800s),21600s到100800s之间的加速增益（21600s，100800s),21600s到100800s之間的加速增益（21600s，100800s),
600s到21600s之间的加速增益（600s，21600s),600s到21600s之间的加速增益（600s，21600s),600s到21600s之間的加速增益（600s，21600s),
0到600s之间的加速增益（0，600s),0到600s之间的加速增益（0，600s),0到600s之間的加速增益（0，600s),
留白,留白,留白,
悬赏任务过期时间（小时）,悬赏任务过期时间（小时）,懸賞任務過期時間（小時）,
联盟积分转化成联盟声望的百分比，向下取整,联盟积分转化成联盟声望的百分比，向下取整,聯盟積分轉化成聯盟聲望的百分比，向下取整,
联盟悬赏简单任务，快速赶工需要的金块,联盟悬赏简单任务，快速赶工需要的金块,聯盟懸賞簡單任務，快速趕工需要的金塊,
联盟悬赏中等任务，快速赶工需要的金块,联盟悬赏中等任务，快速赶工需要的金块,聯盟懸賞中等任務，快速趕工需要的金塊,
联盟悬赏困难任务，快速赶工需要的金块,联盟悬赏困难任务，快速赶工需要的金块,聯盟懸賞困難任務，快速趕工需要的金塊,
批量收购任务过期倒计时（小时）,批量收购任务过期倒计时（小时）,批量收購任務過期倒計時（小時）,
批量收购任务解锁等级,批量收购任务解锁等级,批量收購任務解鎖等級,
高价收购解锁等级,高价收购解锁等级,高價收購解鎖等級,
悬赏功能开启等级,悬赏功能开启等级,懸賞功能開啟等級,
0-科技屏蔽；1-科技开启,0-科技屏蔽；1-科技开启,0-科技屏蔽；1-科技開啟,
0-周声望按键屏蔽；1-周声望按键开启,0-周声望按键屏蔽；1-周声望按键开启,0-周聲望按鍵屏蔽；1-周聲望按鍵開啟,
抛弃当前悬赏的刷新间隔（秒）,抛弃当前悬赏的刷新间隔（秒）,拋棄當前懸賞的刷新間隔（秒）,
每次投资科技会给玩家的联盟币数值,每次投资科技会给玩家的联盟币数值,每次投資科技會給玩家的聯盟幣數值,
特权卡续费时效（秒）,特权卡续费时效（秒）,特權卡續費時效（秒）,
特权卡价格（月）,特权卡价格（月）,特權卡價格（月）,
特权卡价格（年）,特权卡价格（年）,特權卡價格（年）,
特权卡（月卡）使用时效（秒）,特权卡（月卡）使用时效（秒）,特權卡（月卡）使用時效（秒）,
特权卡（年卡）使用时效（秒）,特权卡（年卡）使用时效（秒）,特權卡（年卡）使用時效（秒）,
特权展示内容条数,特权展示内容条数,特權展示內容條數,
购买特权卡方式（1-正常充值，2-金条购买）,购买特权卡方式（1-正常充值，2-金条购买）,購買特權卡方式（1-正常充值，2-金條購買）,
金条特权卡价格（月）,金条特权卡价格（月）,金條特權卡價格（月）,
金条特权卡价格（年）,金条特权卡价格（年）,金條特權卡價格（年）,
大亨之路通行证充值购买ID（price_list表对应的id）,大亨之路通行证充值购买ID（price_list表对应的id）,大亨之路通行證充值購買ID（price_list表對應的id）,
购买大亨通行证方式（1-正常充值，2-金条购买）,购买大亨通行证方式（1-正常充值，2-金条购买）,購買大亨通行證方式（1-正常充值，2-金條購買）,
金条购买大亨通行证价格,金条购买大亨通行证价格,金條購買大亨通行證價格,
绑定账号领取金条数量,绑定账号领取金条数量,綁定賬號領取金條數量,
镜头默认最低高度,镜头默认最低高度,鏡頭默認最低高度,
镜头默认最高高度,镜头默认最高高度,鏡頭默認最高高度,
领取成就ID弹出评价,领取成就ID弹出评价,領取成就ID彈出評價,
顾客队列冷却时间/s,顾客队列冷却时间/s,顧客隊列冷卻時間/s,
顾客出生间隔时间最小值/s,顾客出生间隔时间最小值/s,顧客出生間隔時間最小值/s,
顾客出生间隔时间最大值/s,顾客出生间隔时间最大值/s,顧客出生間隔時間最大值/s,
横屏镜头移动速度X轴是竖屏的X倍,横屏镜头移动速度X轴是竖屏的X倍,橫屏鏡頭移動速度X軸是豎屏的X倍,
bloom是否开启-0-关闭/1-开启/2-只开启战斗,bloom是否开启-0-关闭/1-开启/2-只开启战斗,bloom是否開啟-0-關閉/1-開啟/2-只開啟戰鬥,
bloom参数-threshold阈值,bloom参数-threshold阈值,bloom參數-threshold閾值,
bloom参数-intensity强度,bloom参数-intensity强度,bloom參數-intensity強度,
bloom参数-scatter,bloom参数-scatter,bloom參數-scatter,
黑市开启等级,黑市开启等级,黑市開啟等級,
黑市每日自动刷新间隔时间（秒）,黑市每日自动刷新间隔时间（秒）,黑市每日自動刷新間隔時間（秒）,
黑市手动刷新花费金条,黑市手动刷新花费金条,黑市手動刷新花費金條,
货架没有顾客需求的装备，顾客会直接需求他所能装备的商品情况的截止等级,货架没有顾客需求的装备，顾客会直接需求他所能装备的商品情况的截止等级,貨架沒有顧客需求的裝備，顧客會直接需求他所能裝備的商品情況的截止等級,
IOS客户端是否显示用户隐私协议（1-显示/0-不显示）,IOS客户端是否显示用户隐私协议（1-显示/0-不显示）,IOS客戶端是否顯示用戶隱私協議（1-顯示/0-不顯示）,
黑市免费每日刷新次数（0就是没有免费次数）,黑市免费每日刷新次数（0就是没有免费次数）,黑市免費每日刷新次數（0就是沒有免費次數）,
